PuzzleId,FEN,Moves,Rating,RatingDeviation,Popularity,NbPlays,Themes,GameUrl,OpeningTags,DailyDate
DPNxl,r2R4/7k/2q1p1p1/4PnPp/1B2p2P/pP6/P1P5/1K1R4 b - - 0 35,c6c2 b1c2 a8d8 d1d8,617,81,99,1048,crushing endgame hangingPiece short,https://lichess.org/a6DyOLhI/black#70,,
B95PN,8/4R3/p2k4/4N2p/KP5P/2rr2P1/P4P2/8 w - - 2 43,e7d7 d6e5 d7d3 c3d3,627,93,96,1089,crushing endgame hangingPiece short,https://lichess.org/vHgQMpY7#85,,
DQEjm,1R6/5pk1/8/p7/5P2/3R2PP/1p3K2/2n5 w - - 4 45,b8b2 c1d3 f2f3 d3b2,637,100,90,1350,advantage endgame fork hangingPiece short,https://lichess.org/Csw0VkdQ#89,,
Bme5r,r1b2rk1/ppp2ppp/4pq2/4b2N/2B5/2P2Q2/PPP2PPP/3R1RK1 b - - 3 13,e5h2 g1h2 f6f3 g2f3,648,102,93,1142,crushing hangingPiece master middlegame short,https://lichess.org/GZdNLSIa/black#26,Alekhine_Defense Alekhine_Defense_Scandinavian_Variation,
7ouUZ,3r1rk1/ppp2bp1/2n2b1p/3p4/1q1P1N2/5PP1/PP3BBP/2RQR1K1 w - - 9 18,d1d2 b4d2,651,103,90,1477,crushing hangingPiece middlegame oneMove,https://lichess.org/WkDAwj3a#35,Dutch_Defense Dutch_Defense_Queens_Knight_Variation,
9dnAN,2b5/b4kp1/p1pNp2p/8/2P5/3P4/P4PPP/5K2 b - - 6 34,f7e7 d6c8 e7d7 c8a7,653,106,92,1344,crushing endgame fork hangingPiece short,https://lichess.org/rKs7J9Zf/black#68,,
7huXz,4b3/6R1/3K1k1P/5p2/4pP2/4P3/8/8 w - - 7 64,h6h7 f6g7 h7h8r g7h8,660,101,95,1911,crushing endgame hangingPiece master short,https://lichess.org/XOz1imBS#127,,
6J9gU,2R2B1r/pp3ppp/1n2pk2/3p4/3P4/4PP2/P3r1PP/5RK1 w - - 1 20,f8g7 f6g7 c8h8 g7h8,662,100,95,1027,crushing endgame hangingPiece short,https://lichess.org/i9TKtXt0#39,,
DL7Pu,4r2k/1b5p/p7/1p2Np1n/5P1Q/P1P4P/1P2KBq1/R7 b - - 0 33,h5f4 h4f4 g2e4 f4e4,665,98,94,1414,crushing hangingPiece master middlegame short,https://lichess.org/ARvNcRmg/black#66,,
7sVdM,5r2/pp3pkp/2pq2p1/4R3/4Q2R/P4P1P/1Pr2PK1/8 w - - 0 29,h4h7 g7h7 e4c2 d6e5,678,111,90,1252,crushing endgame hangingPiece short,https://lichess.org/BJBwQK8O#57,,
ABlME,2r5/p6k/1pN4p/1n1n4/1P1p1pP1/5P2/3B1K1P/2R5 b - - 0 37,d5e7 c6e7 c8c1 d2c1,706,110,90,1352,advantage endgame hangingPiece master short,https://lichess.org/diHFepic/black#74,,
0Bv81,8/7p/5pk1/1pp3p1/8/7Q/1P3PPP/r2rN1K1 w - - 2 35,g2g4 d1e1 g1g2 e1g1,714,79,98,1396,crushing endgame hangingPiece master short,https://lichess.org/2bbKCBvl#69,,
6HDqd,r7/pp6/3p2Pk/2pPnb1P/8/1P2N1R1/P1P2qP1/1K5R b - - 4 32,f2g3 e3f5 h6g5 f5g3,719,95,91,1093,crushing endgame fork hangingPiece short,https://lichess.org/ihcrm6DH/black#64,,
5QpW6,R4rk1/1p4p1/1pp1n2p/8/2bNB3/2P4P/1P3PP1/6K1 w - - 3 25,e4h7 g8h7 a8f8 e6f8,720,111,93,1023,advantage endgame hangingPiece short,https://lichess.org/3KXGxr10#49,,
7sZUa,r1b1kb1r/ppppqppp/8/3Pn3/4QB2/2P5/PP3PPP/RN2KB1R b KQkq - 2 9,e5f3 g2f3 e7e4 f3e4,721,113,92,1230,crushing hangingPiece opening short,https://lichess.org/rzN5eNnE/black#18,Ponziani_Opening Ponziani_Opening_Jaenisch_Counterattack,
C4J9j,2Q3k1/p3bppp/3pq3/3Nn3/4rB2/6PP/P4P1K/5R2 b - - 1 25,e6c8 d5e7 g8h8 e7c8,724,80,98,2392,advantage fork hangingPiece master middlegame short,https://lichess.org/DSrNTs6h/black#50,,
27K6c,4r1k1/pp4bp/6p1/8/8/4B1QP/PP1R2PK/3q4 b - - 5 35,d1d2 e3d2,725,112,93,1856,advantage endgame hangingPiece oneMove,https://lichess.org/3YLSZoPO/black#70,,
8lXFK,2rr2k1/pBb2ppp/4p3/P7/1P3B2/6P1/4PP1P/1R4K1 b - - 2 22,c8b8 f4c7 b8b7 c7d8,727,92,90,1541,crushing endgame fork hangingPiece master short,https://lichess.org/kxZaUkL4/black#44,,
9B2B3,r2qr1k1/5ppp/1p2pn2/3pB3/b7/1nNPP1P1/3Q1PBP/RR4K1 w - - 2 22,b1b3 a4b3 a1a8 d8a8,733,89,97,1394,advantage hangingPiece middlegame short,https://lichess.org/dvcjLloT#43,,
4WY8l,7k/6R1/p3b1Rp/1pB5/8/2P4P/qP3PPK/1r6 b - - 2 38,b1h1 h2h1 a2b1 h1h2 b1g6 g7g6,740,107,91,1084,crushing endgame hangingPiece long,https://lichess.org/yicD48cS/black#76,,
4rQ7F,8/1p6/p1k5/2p5/3p4/1P1K4/P1PR2rr/4B3 b - - 5 41,g2g3 e1g3 h2d2 d3d2,753,79,98,3142,advantage endgame hangingPiece short,https://lichess.org/sy8k0xmr/black#82,,
AZKQW,8/6k1/2b2p2/1p1pn2P/3n1Qp1/P2B2B1/1P3KP1/8 w - - 3 44,f4c1 e5d3 f2e3 d3c1,754,88,96,1593,crushing endgame fork hangingPiece short,https://lichess.org/8hfCCzTt#87,,
4y7Zw,1rb2r2/4p2p/8/1p2Pp1k/3RN3/P7/1P4PP/5RK1 w - - 0 28,d4d3 f5e4 f1f8 e4d3,754,102,96,1221,advantage endgame hangingPiece master short,https://lichess.org/ozz0yOfl#55,,
BhZgq,4Rr1k/pb3P1p/1p4p1/2p5/5b2/1QP2Pq1/P5B1/R5K1 b - - 2 27,b7f3 e8f8 h8g7 f8g8,755,105,92,1291,crushing hangingPiece middlegame short,https://lichess.org/MukOG2I9/black#54,,
3wwdb,r3k2r/p2npp2/2pp1n1p/1q3P2/1pNPP1p1/2B5/PP2Q1PP/1R3R1K w kq - 2 19,c4d6 e7d6 e2b5 c6b5,758,104,96,1750,advantage hangingPiece middlegame short,https://lichess.org/9xiapSGn#37,Caro-Kann_Defense Caro-Kann_Defense_Other_variations,
DZzNQ,2k2b1r/1pp1p1pp/p7/8/4r3/P1P1B2P/1P3PP1/3R1RK1 w - - 2 20,f2f3 e4e3 f1e1 e3e1,765,114,93,1151,advantage endgame hangingPiece kingsideAttack short,https://lichess.org/VrOfCEiY#39,,
4oZYM,8/6P1/8/3bB1K1/8/7p/6k1/8 w - - 1 74,e5h2 g2h2 g7g8r d5g8,766,81,98,2111,bishopEndgame crushing endgame hangingPiece master short,https://lichess.org/3opNVEdw#147,,
2woxs,r1b2rk1/pp4pp/2pbp3/4N3/3P1qQ1/3B4/PPP4P/R3K2R w KQ - 0 16,d3h7 g8h7 g4f4 f8f4,767,86,96,1428,crushing hangingPiece middlegame short,https://lichess.org/L8p9Yf9g#31,French_Defense French_Defense_Rubinstein_Variation,
7taLn,r2q1rk1/ppp2p2/4bn1p/8/4Nb2/P2P3P/1PQ1P1P1/1K1R1B1R b - - 4 17,d8d5 e4f6 g8g7 f6d5,774,90,96,1228,crushing fork hangingPiece middlegame short,https://lichess.org/CDIn8Nsj/black#34,Bird_Opening Bird_Opening_Dutch_Variation,
79dlW,r3k3/pp2qp2/2n1p3/3pPpN1/2pP2Pr/2P5/PP2Q3/2KR3R w q - 0 21,h1h4 e7g5 c1b1 g5h4,774,110,95,1094,advantage fork hangingPiece middlegame short,https://lichess.org/o0DamyvV#41,,
128CD,2R3k1/1q2bppp/p2p4/1p1Np3/4P1b1/1P2nN2/P3QPPP/6K1 b - - 0 25,b7c8 d5e7 g8f8 e7c8,775,116,95,1314,crushing fork hangingPiece master middlegame short,https://lichess.org/L7XjEWaZ/black#50,,
0zs91,r3k2r/pbppqppp/1pn1pn2/8/2PP4/P4NP1/1P1NPPBP/R2Q1RK1 b kq - 0 9,c6d4 f3d4 b7g2 g1g2,781,79,98,1304,advantage hangingPiece middlegame short,https://lichess.org/ZA6xckpC/black#18,Bogo-Indian_Defense Bogo-Indian_Defense_Exchange_Variation,
1Nw8u,1rr3k1/p4pbp/4p1p1/q1Rp1b2/3P4/1B2B1Q1/PP3PPP/5RK1 b - - 1 20,c8c5 g3b8 c5c8 b8c8,787,89,96,1980,crushing hangingPiece middlegame short,https://lichess.org/mngdbN6Y/black#40,,
BOyUH,r1b1r1k1/pp3ppp/1bn5/8/1P6/P2q1N2/1B1QBPPP/R3K2R b KQ - 3 17,b6f2 e1f2 d3d2 f3d2,787,80,97,1468,advantage hangingPiece middlegame short,https://lichess.org/RlIO8nVW/black#34,Sicilian_Defense Sicilian_Defense_Smith-Morra_Gambit_Declined,
BRgnU,2rr3k/p4qpp/Qp6/5p2/3R4/4P2P/P4PP1/1R4K1 b - - 16 34,d8d4 a6c8 d4d8 c8d8,788,80,96,1011,crushing endgame hangingPiece short,https://lichess.org/Pc2iZATX/black#68,,
ALvWv,1r3rk1/pb3ppp/2n1p3/1pp1P1B1/8/6P1/PPP2PBP/3R1RK1 w - - 1 16,g5e7 c6e7 g2b7 b8b7,789,79,98,1454,crushing hangingPiece middlegame short,https://lichess.org/HwOqsNm0#31,Hungarian_Opening Hungarian_Opening_Catalan_Formation,
AwbiT,3r1b1r/kP2p1pp/4pn2/1b6/3P4/2N5/PP3PPP/R1B3K1 b - - 1 15,d8d4 c3b5 a7b7 b5d4,790,78,99,1027,advantage fork hangingPiece middlegame short,https://lichess.org/YZobVyBG/black#30,Caro-Kann_Defense Caro-Kann_Defense_Accelerated_Panov_Attack,
4rKyz,8/8/8/4K3/5r2/4nk2/8/R7 b - - 29 77,e3f1 a1f1 f3e2 f1f4,791,80,99,1225,crushing deflection endgame hangingPiece master masterVsMaster short skewer,https://lichess.org/7FmQTMtY/black#154,,
75Tde,6k1/2r2pp1/B1N4p/1PP5/8/6P1/5PKP/1r6 b - - 2 34,c7c6 b5c6 b1c1 c6c7,792,77,99,1046,advancedPawn advantage endgame hangingPiece master short,https://lichess.org/W5cbTqCO/black#68,,
CJW0k,r3r1k1/pb1N2bp/1qp3p1/3n1p2/2Q5/8/PPPP1PPP/RNB1R1K1 w - - 8 15,d7b6 e8e1 c4f1 e1f1,794,79,99,2278,crushing fork hangingPiece middlegame short,https://lichess.org/qRwu9OFh#29,Scandinavian_Defense Scandinavian_Defense_Kloosterboer_Gambit,
2Dlp0,r2r4/3bkp1p/p2Rp3/4p3/1p6/2N2PP1/PPP4P/1K1R4 w - - 0 19,c3a4 d7a4 d6d8 a8d8 d1d8 e7d8,794,78,98,1585,crushing endgame hangingPiece long,https://lichess.org/LHUakypW#37,,
8bqZU,4n1k1/pp2rpp1/6p1/2Np2P1/5P2/PP2n2P/6B1/4R1K1 w - - 4 31,g2d5 e3d5 e1e7 d5e7,794,101,95,1015,crushing endgame hangingPiece master short,https://lichess.org/XDKMIrwI#61,,
1ibDp,r6k/2p2pb1/2Np2pp/2n1p3/1QP1P3/5N2/p4PPP/R5K1 w - - 0 29,b4b3 c5b3 a1a2 a8a2,796,93,95,1158,crushing hangingPiece middlegame short,https://lichess.org/6DlAn8GV#57,,
5UAZE,2k5/ppp3p1/4p2p/8/1PP5/1NP1b1PP/P3b2K/R1Br4 b - - 4 27,e2f3 c1e3 d1a1 b3a1,796,116,93,1076,advantage endgame hangingPiece short,https://lichess.org/6lDqIKvw/black#54,,
D6GBN,r4qk1/pp3p1p/3p2p1/2p5/3nP3/2Q4P/PPP1BPP1/R3K2R w KQ - 0 15,e1g1 d4e2 g1h1 e2c3,799,106,93,1652,advantage fork hangingPiece middlegame short,https://lichess.org/zWNnAcSh#29,Philidor_Defense Philidor_Defense_Other_variations,
1hDS3,3r1rk1/pp3p1p/2p3pb/3q4/3Q4/1P2PNPP/P5P1/2RR2K1 b - - 0 20,h6e3 d4e3 d5d1 c1d1,800,116,96,1516,advantage hangingPiece middlegame short,https://lichess.org/r4dU3z9N/black#40,,
CjupN,r2q1rk1/p3bppp/np6/3Q1N2/8/6P1/PP3P1P/R1B2RK1 b - - 0 16,d8d5 f5e7 g8h8 e7d5,802,98,93,1259,crushing fork hangingPiece master middlegame short,https://lichess.org/H2t4tu7S/black#32,Queens_Indian_Defense Queens_Indian_Defense_Classical_Variation,
9MT3p,rr4k1/5ppp/8/P6n/1n1NP3/4KP2/6PP/RR6 b - - 1 28,b4c2 d4c2 b8b1 a1b1,807,93,99,3718,advantage hangingPiece middlegame short,https://lichess.org/y7wsvBs6/black#56,,
4GMqo,2q2rk1/Q4pp1/3R1n1p/2N5/8/5P2/r1P3PP/5RK1 w - - 0 21,a7a2 c8c5 g1h1 c5d6,808,88,90,1109,advantage fork hangingPiece middlegame short,https://lichess.org/LPCVVJBS#41,,
5R23N,r2q1rk1/pp1b1ppp/2n2n2/1BbN4/8/5N2/PPP2PPP/R1BQR1K1 b - - 0 11,c5f2 g1f2 f6d5 d1d5,809,83,96,1234,crushing hangingPiece opening short,https://lichess.org/PXiLPql3/black#22,Sicilian_Defense Sicilian_Defense_Old_Sicilian,
7RQ6U,r1bq1rk1/pp1nbpp1/2p1pn1p/6B1/B2PN3/2P5/PP2NPPP/R2Q1RK1 w - - 0 11,g5h4 f6e4 h4e7 d8e7,810,109,92,1541,advantage hangingPiece opening short,https://lichess.org/3ZuXQXwd#21,French_Defense French_Defense_Classical_Variation,
08vD8,8/8/3bN1k1/3P1p2/8/1p1n2PP/5P2/2B3K1 w - - 6 38,e6d4 d3c1 d4b3 c1b3,810,89,96,1334,crushing endgame hangingPiece master short,https://lichess.org/PyJOtt4R#75,,
0TqI8,8/6b1/1Bp3k1/2P2p2/3Pp1p1/r3P1P1/1R3K2/8 b - - 5 49,g7d4 e3d4 f5f4 g3f4,812,91,92,1566,advantage endgame hangingPiece short,https://lichess.org/HIqDRzNP/black#98,,
1Rv2s,1r2k2r/2p2p1p/5p2/2p5/p7/P1p1P2N/2NbbPPP/RR4K1 b k - 1 21,e2d3 b1b8 e8d7 b8h8,813,104,93,1121,crushing hangingPiece middlegame short skewer,https://lichess.org/ZRzL4oby/black#42,,
48KOe,2r2rk1/pp3ppp/4p3/4nn2/3PB3/2B5/P4RPP/R5K1 w - - 0 25,d4e5 c8c3 e4f5 e6f5,815,91,91,1351,advantage hangingPiece middlegame short,https://lichess.org/zfcvehCZ#49,,
9GlC3,6r1/p2p4/1pb2k2/4pp2/4nP1P/5B2/PPP4K/3R1R2 w - - 0 30,d1d6 e4d6 f4e5 f6e5,815,106,94,1158,crushing endgame hangingPiece short,https://lichess.org/sPR8DBM6#59,,
7tLKq,4r1k1/p6p/1p1R2pb/5p2/8/2P2P2/PPB4P/4r1QK w - - 1 33,g1e1 e8e1 h1g2 e1e2,816,98,95,1405,crushing endgame hangingPiece short,https://lichess.org/W6YJ9UVe#65,,
2ABX5,7k/Qpp3p1/3p1q1p/3P4/1BP1p3/1K2P2b/P1P4r/R7 w - - 0 24,a7b7 f6a1 b7a8 h8h7,817,86,94,1002,crushing endgame hangingPiece short,https://lichess.org/xoHsrCYz#47,,
8b7YA,8/8/p1p5/1p1p3p/3P1K1P/1PP5/1Bk5/8 w - - 11 58,b3b4 c2b2 f4g5 b2c3,820,97,95,2126,crushing endgame hangingPiece short,https://lichess.org/S9M4umRC#115,,
34nFM,8/8/6k1/1R4pp/4n3/2B1P2P/4KP2/8 w - - 3 51,f2f4 e4c3 e2f3 c3b5,820,109,94,1847,crushing endgame fork hangingPiece short,https://lichess.org/3q1iKGL2#101,,
BOfp4,6k1/p4pp1/4p1p1/3p4/4nP2/P4N1R/2r2qPP/6QK b - - 3 25,c2c1 g1c1 f2c5 c1c5,821,94,90,1373,crushing endgame hangingPiece short,https://lichess.org/U25GXIVG/black#50,,
4ImtV,2b2kr1/1p3pp1/4pP1p/8/8/2R1R3/1PPK2PP/r7 b - - 0 24,g7f6 c3c8 f8e7 c8g8,821,94,92,1354,crushing deflection endgame hangingPiece master short skewer,https://lichess.org/dwISIOqW/black#48,,
BRX2v,r2q1rk1/4bppp/b3n3/p2QPN2/Pp6/8/NP3PPP/R1B1R1K1 b - - 0 21,d8d5 f5e7 g8h8 e7d5,821,78,97,1169,advantage fork hangingPiece master middlegame short,https://lichess.org/9oifPcPy/black#42,,
CKr3R,r1b2r2/2pn2k1/p6p/1p1nR3/5B2/2N4P/PPP3P1/3R2K1 w - - 0 23,e5d5 f8f4 d5d7 c8d7,822,94,96,1264,advantage hangingPiece middlegame short,https://lichess.org/YKYieG0s#45,,
7eP4S,8/8/4k3/4p2p/4P3/6p1/3BKb2/8 b - - 1 82,g3g2 e2f2 g2g1r f2g1,823,89,96,2084,bishopEndgame crushing endgame hangingPiece master short,https://lichess.org/n95te6IU/black#164,,
41Y85,4r3/1bq4Q/1p1p1kp1/1PpPp3/2P1n3/6nP/4B1P1/2R3K1 w - - 2 32,h7c7 g3e2 g1h2 e2c1,824,74,98,4296,advantage fork hangingPiece middlegame short,https://lichess.org/zOWkrd2P#63,,
6wk7F,8/4PK2/8/4r3/3k2pP/3p4/8/3R4 w - - 1 70,d1e1 e5e1 e7e8q e1e8,825,88,95,1193,crushing endgame hangingPiece master rookEndgame short,https://lichess.org/ohkz7egT#139,,
0pj5D,2r2rk1/p3bppp/1pQp4/3Npq2/1PP5/3nRN2/P4PPP/R1B3K1 b - - 0 17,c8c6 d5e7 g8h8 e7f5,826,89,95,2000,crushing fork hangingPiece middlegame short,https://lichess.org/HpCccXbN/black#34,Sicilian_Defense Sicilian_Defense_Other_variations,
A80p2,6k1/R4pp1/4pq1p/5n2/3PpP2/2P3QP/6P1/6K1 w - - 0 35,g3e3 f5e3 a7a8 g8h7,826,75,99,1507,crushing endgame hangingPiece short,https://lichess.org/YY6lv83Z#69,,
6r2Ad,2r2rk1/pp1b1ppp/4p3/2b1B3/1nB1P3/5N1P/P4PP1/R2R2K1 b - - 2 19,c5f2 g1f2 c8c4 d1d7,827,81,97,1894,advantage hangingPiece middlegame short,https://lichess.org/EH0nHFKZ/black#38,Queens_Pawn_Game Queens_Pawn_Game_London_System,
4pINC,r1bq1rk1/1p1pBppp/p7/8/3Q4/2n4P/PP2BPP1/R4RK1 w - - 0 14,e7d8 c3e2 g1h2 e2d4,829,97,95,2456,advantage fork hangingPiece middlegame short,https://lichess.org/hd0uRNWD#27,Sicilian_Defense Sicilian_Defense_Smith-Morra_Gambit_Declined,
1Nar1,3r2k1/p4ppp/B7/4P3/3r4/3b4/PP4PP/3RR1K1 w - - 2 26,e1e3 d3a6 d1d4 d8d4,829,81,95,2407,advantage endgame hangingPiece short,https://lichess.org/kCiRQHOo#51,,
CBbmL,8/pp6/6p1/2R3P1/2b2k2/5N1P/6K1/5r2 b - - 4 40,f1f3 c5c4 f4e3 c4c3,834,101,95,1073,crushing endgame hangingPiece short,https://lichess.org/fcgkeFYH/black#80,,
AEVLI,r1bqk2r/pp2bpp1/2np3p/2p1p3/2B1n2N/2NP3P/PPP2PP1/R1BQ1RK1 w kq - 0 9,c4f7 e8f7 d3e4 e7h4,837,95,91,1073,advantage hangingPiece opening short,https://lichess.org/1Qnxhpcl#17,Sicilian_Defense Sicilian_Defense_Old_Sicilian,
7XRov,r2qrbk1/1pp2ppp/p5b1/4N3/4Pn2/PP1P4/1BQ1BPPP/R4RK1 b - - 0 16,e8e5 b2e5 f4e2 c2e2,838,76,99,2214,advantage hangingPiece middlegame short,https://lichess.org/u1nli14c/black#32,Nimzo-Larsen_Attack Nimzo-Larsen_Attack_Modern_Variation,
4uBom,R7/5p1k/5P2/2b2KP1/8/8/8/8 w - - 3 63,a8a7 c5a7 g5g6 f7g6,838,110,92,1045,crushing endgame hangingPiece short,https://lichess.org/6U4D7fuM#125,,
BI1KZ,5r2/p2b4/1N1k4/2p1RP2/6Pp/P1P5/P6P/1K6 b - - 0 35,d6e5 b6d7 e5f4 d7f8,841,106,94,1892,crushing endgame fork hangingPiece short,https://lichess.org/J2ZsHEVn/black#70,,
08dpJ,5k2/4n1p1/p1p2pP1/N1Pp3P/1P1K4/8/1P6/8 w - - 4 54,a5c6 e7c6 d4d5 c6b4,841,80,96,1800,crushing endgame hangingPiece knightEndgame master short,https://lichess.org/0WMd6WSS#107,,
DaZb9,3r2k1/5pp1/pb2p1p1/1p2P3/1P2N1n1/P5P1/3n1PBP/B2R2K1 b - - 4 27,d2f3 g2f3 d8d1 f3d1,841,78,98,1605,crushing hangingPiece master middlegame short,https://lichess.org/mFuYeKQs/black#54,,
7lZP0,2r2rk1/pp3ppn/1q1p3p/2p1pP2/2PnP2P/1P1PQ1R1/P3B1P1/R4NK1 w - - 1 21,e3h6 d4e2 g1h2 e2g3,843,101,95,1674,crushing fork hangingPiece middlegame short,https://lichess.org/Mtap5ZkY#41,,
3YUgf,2k5/ppp3pp/5p2/3P2P1/7B/2P2PK1/r4n1P/4R3 b - - 0 26,f2h1 e1h1 f6g5 h4g5,843,90,95,1101,advantage endgame hangingPiece short,https://lichess.org/zOKsoT8N/black#52,,
1GRVJ,r4rk1/2p1bppp/ppNq4/3Q1b2/3P4/4P3/PP3PPP/R1B1K2R b KQ - 0 13,d6d5 c6e7 g8h8 e7d5,845,83,98,1455,advantage fork hangingPiece middlegame short,https://lichess.org/pPsqje5s/black#26,Queens_Pawn_Game Queens_Pawn_Game_Colle_System,
0Tbws,3r4/p2PQrk1/2R2ppp/8/5P2/1P6/P1P3qP/1K5R w - - 2 32,e7d8 g2h1 b1b2 h1c6,845,78,97,1198,crushing endgame fork hangingPiece master short,https://lichess.org/WOwbI6RL#63,,
B4TE9,3r4/pp3pkp/6p1/3N4/2n1P3/1P4P1/P6P/3R1K2 b - - 0 27,c4e3 d5e3 d8d1 e3d1,848,78,97,2378,crushing endgame hangingPiece short,https://lichess.org/5snpUqrX/black#54,,
Bv4dc,r2q1rk1/pppnbppp/4bn2/6B1/4N3/5N2/PPP1BPPP/R2Q1RK1 w - - 4 12,h2h4 f6e4 g5e7 d8e7,848,81,96,1619,crushing hangingPiece opening short,https://lichess.org/CttOP74p#23,Scandinavian_Defense Scandinavian_Defense_Mieses-Kotroc_Variation,
0yZgJ,8/7p/P2k2p1/1R2p1P1/5p1P/4bK2/8/8 w - - 1 51,b5e5 d6e5 a6a7 e3a7,848,93,92,1429,crushing endgame hangingPiece master short,https://lichess.org/0uKNZtQC#101,,
02bmv,r4rk1/pp3pbp/5pp1/7q/1Q1PP1b1/3B1N1P/PP1B1P2/R3K2R w KQ - 0 18,h3g4 h5h1 e1e2 h1a1,850,77,98,1076,advantage fork hangingPiece middlegame short skewer,https://lichess.org/F902uvuZ#35,Slav_Defense Slav_Defense_Other_variations,
4rIIl,r2qk2r/pp3ppp/5b2/4p3/2BpP1b1/3P1N2/PPP3PP/R2QK2R w KQkq - 0 12,c4f7 e8f7 f3e5 f6e5,853,89,95,1563,advantage hangingPiece middlegame short,https://lichess.org/Rds05DeD#23,Vienna_Game Vienna_Game_Vienna_Gambit,
5Xe0q,r6Q/ppp1n2p/4k1p1/8/8/6P1/PPP4P/R3K1Nq w Q - 0 18,h8a8 h1g1 e1d2 g1a1,857,87,96,2455,crushing endgame hangingPiece short skewer,https://lichess.org/fGSDaYxZ#35,Vienna_Game Vienna_Game_Other_variations,
9Ut8T,3r4/1b4k1/p3N1p1/4P2p/2p4P/3p4/PPP5/2K5 b - - 0 36,g7f7 e6d8 f7e7 d8b7,858,104,96,1985,crushing endgame fork hangingPiece short,https://lichess.org/nxhbHuqQ/black#72,,
5cAdL,3r2k1/6pp/2P2pb1/4p1P1/3p1P2/7P/P1r3B1/2RR2K1 w - - 0 30,g2d5 d8d5 c1c2 g6c2,863,78,98,1895,crushing endgame hangingPiece short,https://lichess.org/GKeI4YXt#59,,
94chw,3r2k1/p1q3rp/1p2P3/2p1P1b1/P3B1Q1/1P1PB2P/2RR4/6K1 w - - 0 34,d2g2 g5e3 g1h1 g7g4,864,94,94,1057,crushing discoveredAttack hangingPiece kingsideAttack middlegame short,https://lichess.org/bztghrMh#67,,
4AzI8,r3kbnr/ppBb3p/2n2pp1/1B1p4/8/1P2P3/P1PP1PPP/RN2K1NR w KQkq - 1 9,c7a5 c6a5 b5d7 e8d7,865,104,92,1514,advantage hangingPiece opening short,https://lichess.org/KqM7rsTn#17,Vant_Kruijs_Opening Vant_Kruijs_Opening_Other_variations,
ARiuP,3q2k1/3b3p/5bp1/p4p2/5B2/P1P3P1/1P1Q1PBP/6K1 w - - 2 32,g2c6 d7c6 d2d8 f6d8,871,108,93,2441,advantage endgame hangingPiece short,https://lichess.org/9bQG98rc#63,,
7ETs3,r4k1b/1p6/6P1/1pp1pP2/3n2P1/3P4/1P3P2/1K5R b - - 0 33,b5b4 h1h8 f8g7 h8a8,871,94,95,1172,crushing endgame hangingPiece short skewer,https://lichess.org/QKBuJbpV/black#66,,
2BEcd,2rq1rk1/4b1pp/p4p2/1p1bQ1B1/5P2/2PB4/PP4PP/3R1R1K w - - 0 19,e5d5 d8d5 d3h7 g8h7 d1d5 f6g5,871,83,95,1135,crushing hangingPiece long middlegame,https://lichess.org/i1xyS4qs#37,Sicilian_Defense Sicilian_Defense_Open,
2dWil,2r2r2/p4ppp/1pBkp3/3p4/3P1Pb1/4P3/PP4PP/RNB1K2R w KQ - 0 16,c6a4 c8c1 e1d2 c1h1,872,96,95,2202,crushing hangingPiece middlegame short skewer,https://lichess.org/RbTd4Ojg#31,Canard_Opening Canard_Opening_Other_variations,
CRmGz,6k1/pN3pp1/2p4p/2Rq2b1/1P6/P3PPP1/3r1PK1/1Q6 b - - 2 42,d2f2 g2f2 d5d2 f2f1,873,91,96,1349,crushing endgame hangingPiece master short,https://lichess.org/PbGg3ntk/black#84,,
8HntF,8/1p1rbkpp/2n2p2/3b4/4N3/2B1PB1P/5PP1/1R4K1 w - - 5 24,f3g4 d5e4 g4d7 e4b1,876,97,94,1551,crushing hangingPiece master middlegame short,https://lichess.org/MStyLVCv#47,,
1aYow,r7/Pb3pkp/1N1np1p1/1B1p4/2p5/4P3/2K3PP/R7 b - - 5 36,a8a7 a1a7 d6b5 a7b7,877,78,97,1116,advantage endgame hangingPiece short,https://lichess.org/Hn0AHU6v/black#72,,
814Bs,5qk1/6p1/2Npp2p/4p3/pPn1P3/4P2P/6P1/4Q1K1 b - - 1 29,f8c8 c6e7 g8f8 e7c8,601,98,95,2071,crushing endgame fork short,https://lichess.org/gnWSWJXS/black#58,,
DAc0b,r3r1k1/3n4/2N2p1p/p2pp1p1/PP6/8/5PPP/R3R1K1 b - - 0 28,e8c8 c6e7 g8f7 e7c8,601,99,90,1277,advantage endgame fork short,https://lichess.org/soGPTMXF/black#56,,
C0sX1,3r3k/pp4pp/4b3/4N3/3Pp3/8/PP3P1P/1K1R4 b - - 2 24,e6f5 e5f7 h8g8 f7d8,604,95,95,1607,crushing endgame fork short,https://lichess.org/AE0NFMch/black#48,,
DRRMT,8/8/5kp1/7p/1p2p3/4K1P1/n4PP1/3B4 w - - 0 51,e3e4 a2c3 e4d3 c3d1,605,97,92,1110,crushing endgame fork short,https://lichess.org/b4IjibDW#101,,
9qi6M,3r4/1B3kp1/1p1P3p/pP6/5P2/2n3P1/P6P/3R2K1 w - - 1 29,d1c1 c3e2 g1f2 e2c1,606,88,97,2261,crushing endgame fork short,https://lichess.org/uuo3v82X#57,,
21Iz4,8/5pkp/2p5/3b4/r7/3PN2P/6P1/6RK b - - 1 39,a4d4 e3f5 g7f6 f5d4,606,102,96,1493,crushing endgame fork master short,https://lichess.org/UEVi1ytb/black#78,,
6WxAI,8/p1p4r/2k5/2P2prp/2P4R/3NP1P1/P4K2/8 b - - 6 37,h7d7 d3e5 c6c5 e5d7,607,85,98,2503,crushing endgame fork short,https://lichess.org/i8r8mwOL/black#74,,
8WoFD,6k1/7p/6p1/4P3/2N1r3/1P6/6PP/5K2 b - - 3 38,g8f7 c4d6 f7e6 d6e4,607,97,92,1268,crushing endgame fork short,https://lichess.org/NNxuaJFB/black#76,,
AIkCJ,8/2n1kp2/p2R4/3pP3/3P4/1P1K4/8/8 w - - 5 49,d3c3 c7b5 c3d3 b5d6,608,93,95,1668,crushing endgame fork master masterVsMaster short,https://lichess.org/h4449u0h#97,,
1lzlj,6k1/p2r4/6p1/2p3p1/2P1N1P1/1P2p2K/P4r1P/7R b - - 10 38,f2a2 e4f6 g8f7 f6d7,608,110,97,1139,crushing endgame fork short,https://lichess.org/LHDWLdsF/black#76,,
3fGiB,8/2p5/2Qn1k2/2p5/8/7P/5K2/8 w - - 2 58,c6c5 d6e4 f2f3 e4c5,608,95,96,1040,crushing endgame fork short,https://lichess.org/nr8t29vY#115,,
DN8wE,4n3/1pp2k2/8/2PP3p/P1nb1Pp1/3N2P1/7P/3R2K1 w - - 2 39,g1g2 c4e3 g2h1 e3d1,609,101,96,1338,crushing endgame fork master short,https://lichess.org/bNwwR0Ay#77,,
3BboP,8/p2r1k2/4p1p1/2Q4p/3K4/8/P5P1/8 w - - 1 47,d4e5 d7d5 c5d5 e6d5,609,90,98,1305,crushing endgame fork master queenRookEndgame short,https://lichess.org/ufM5zh6F#93,,
3RTdc,2n2r2/5ppk/3n2p1/4p3/P7/1P5P/4BKP1/R1R5 w - - 0 30,c1c5 d6e4 f2e1 e4c5,609,95,90,1187,advantage endgame fork short,https://lichess.org/C5v56ZrR#59,,
982AH,r4rk1/p4p2/7p/4n1P1/7B/2P4P/P4P2/R4RK1 w - - 0 24,g5h6 e5f3 g1h1 f3h4,611,98,90,1202,advantage endgame fork short,https://lichess.org/IOEEV5Dc#47,,
8GqQT,8/8/5n1p/1N4pP/6P1/5K2/kp6/4B3 b - - 1 57,b2b1q b5c3 a2b2 c3b1,612,95,96,2411,crushing endgame fork master masterVsMaster short,https://lichess.org/86dmxlfl/black#114,,
3inQy,2r5/2q1kp1p/p3p1p1/1p2P2r/3P2P1/P1P5/3Q3P/2RR2K1 b - - 0 31,h5h4 d2g5 e7f8 g5h4,612,104,93,1609,crushing endgame fork short,https://lichess.org/w302GWRr/black#62,,
3ARuu,8/1npr1p2/1k6/1p1Q4/5P2/1K6/1B6/8 w - - 3 46,d5d7 b7c5 b3a3 c5d7,613,92,97,2368,crushing endgame fork master short,https://lichess.org/OfOHSHpi#91,,
BNwLj,8/2k3p1/1p2n1P1/1Bp1P3/5K2/8/PP6/8 w - - 5 49,f4f5 e6d4 f5e4 d4b5,613,95,95,1610,crushing endgame fork short,https://lichess.org/oiOb37pG#97,,
89Cnw,8/6pp/4k2r/8/4KP1P/2B3P1/8/8 b - - 6 47,h6g6 f4f5 e6f7 f5g6,614,106,95,1793,crushing endgame fork short,https://lichess.org/z4T07fkE/black#94,,
8pNjQ,8/pp5r/4k2P/P5PK/1P6/8/8/8 b - - 0 50,e6f7 g5g6 f7g8 g6h7,618,99,91,1163,advancedPawn crushing endgame fork rookEndgame short,https://lichess.org/cHZuPqIy/black#100,,
9jo5A,8/8/3n1k2/2R3p1/1P6/6K1/8/8 w - - 3 60,b4b5 d6e4 g3f3 e4c5,619,103,93,1444,crushing endgame fork short,https://lichess.org/GWKmpxtB#119,,
86i60,5rk1/7p/2N3p1/p4pP1/3B4/1P1K1P1P/8/4b3 b - - 0 35,f8c8 c6e7 g8f7 e7c8,620,89,97,2953,crushing endgame fork short,https://lichess.org/zwTadzPN/black#70,,
5JUFp,6r1/p2N1k2/4p3/P1P5/3B2P1/4K3/8/7b b - - 1 45,g8g4 d7e5 f7e8 e5g4,620,102,94,1219,advantage endgame fork short,https://lichess.org/UOhimf9I/black#90,,
7dlDh,8/p6p/1p3k2/5Pp1/n7/PRP4P/4KP2/8 w - - 0 37,b3b5 a4c3 e2d3 c3b5,621,88,100,1032,crushing endgame fork short,https://lichess.org/1n8a3IcL#73,,
5Bwnm,r7/6kp/1pp1Rp2/1p6/3nP3/P7/6PP/2R3K1 w - - 3 35,e6d6 d4e2 g1f1 e2c1,624,103,95,1681,advantage endgame fork short,https://lichess.org/zsUzXls1#69,,
2iVCi,2k3r1/1pp4p/4R3/p4N2/3n4/P1p3B1/2P3PP/6K1 b - - 0 31,d4e6 f5e7 c8d7 e7g8,625,98,92,1290,advantage endgame fork master short,https://lichess.org/dzQ4jEeT/black#62,,
11bJ7,6k1/1p6/7p/1p1b2p1/1P3pNn/5P1P/1B4P1/6K1 b - - 1 30,g8h7 g4f6 h7g6 f6d5,626,94,95,1177,crushing endgame fork short,https://lichess.org/PtaF9pOq/black#60,,
BmMWf,4r1k1/pb3p1p/1p2p1p1/3p4/BP3n2/P1R5/5PPP/5RK1 w - - 0 26,a4e8 f4e2 g1h1 e2c3,626,88,97,1100,advantage endgame fork short,https://lichess.org/VRcl4qFP#51,,
9Dfwu,5b2/7p/p2k2p1/1p3p2/2pN1P2/1PP1K3/P4P1P/8 b - - 0 32,d6c5 d4e6 c5d5 e6f8,627,85,98,1718,crushing endgame fork short,https://lichess.org/6Z5y1XCg/black#64,,
1a5Uz,2r3k1/5ppp/pp6/3N4/1P1P2P1/P7/3r1P1P/5RK1 b - - 2 27,b6b5 d5e7 g8f8 e7c8,628,106,98,1492,crushing endgame fork master short,https://lichess.org/SlHtLcB4/black#54,,
Cqy16,6k1/5p1p/6p1/P1bn4/5R2/8/2P3PP/5K2 w - - 1 32,f4c4 d5e3 f1e2 e3c4,628,93,92,1387,crushing endgame fork short,https://lichess.org/JVtOgOhj#63,,
18qrh,6k1/p5pp/3b2p1/1P1P4/P2Nn3/3N3P/1P3rP1/3R3K w - - 0 31,d3f2 e4f2 h1g1 f2d1,628,86,98,1133,advantage endgame fork short,https://lichess.org/r415bUNt#61,,
38emy,8/6kp/6p1/1pN5/1P6/2N5/5K2/3r4 b - - 7 46,d1d4 c5e6 g7f6 e6d4,629,99,93,2069,crushing endgame fork short,https://lichess.org/rpnC7CWf/black#92,,
AbUGH,6k1/5p2/4p2p/1P1pP2P/3P2P1/br3p2/5Q2/1K6 w - - 1 49,b1a2 b3b2 f2b2 a3b2,629,105,97,1764,crushing endgame fork short,https://lichess.org/mJBAdEnr#97,,
8wC4T,1R6/8/8/3K4/n7/p1k5/8/8 w - - 0 57,b8a8 a4b6 d5e6 b6a8,629,88,94,1319,crushing endgame fork short,https://lichess.org/UAbr8Qjz#113,,
3xIme,4k3/6Q1/4b3/p2p4/1p1P3n/P7/1P6/6K1 w - - 1 54,g7e5 h4f3 g1f1 f3e5,629,85,99,1168,crushing endgame fork short,https://lichess.org/QSNquzay#107,,
7kNZ2,3b3k/6p1/2bNp2p/1P2Pp2/8/4B1P1/8/6K1 b - - 0 44,c6a8 d6f7 h8g8 f7d8,629,95,96,1018,crushing endgame fork master short,https://lichess.org/PBejh5I6/black#88,,
4sS8C,8/6p1/4n2p/8/6Pk/7P/2B2PK1/8 w - - 6 41,c2g6 e6f4 g2f3 f4g6,630,82,98,1818,crushing endgame fork short,https://lichess.org/jJATpGW7#81,,
7COls,6k1/5pp1/1p5p/5N2/4nP2/6PP/2r5/1R4K1 b - - 4 42,c2c6 f5e7 g8h7 e7c6,630,90,96,1673,advantage endgame fork short,https://lichess.org/0ysVWuDA/black#84,,
9OI3m,2r3k1/1b3pp1/Np1np1Np/q2p3Q/3P4/3BP2P/5PP1/5RK1 b - - 4 27,b7a6 g6e7 g8f8 e7c8,630,99,91,1399,advantage fork middlegame short,https://lichess.org/sJqREkdd/black#54,,
59vuq,3R4/1p3n2/p1p3k1/6p1/P5P1/1P1K3P/8/8 w - - 3 44,d8d7 f7e5 d3e2 e5d7,630,92,90,1226,crushing endgame fork short,https://lichess.org/SgOpKBxa#87,,
5UGsz,4k3/3p2p1/5n1p/1p6/3K4/1PP2PP1/2B5/8 b - - 2 40,f6h5 c2g6 e8e7 g6h5,630,85,98,1206,crushing endgame fork short,https://lichess.org/LNIWLif5/black#80,,
AitUm,8/p7/1p5k/2p1r3/4B3/5PP1/PP6/4K3 b - - 0 43,h6g5 f3f4 g5f6 f4e5,630,109,93,1183,crushing endgame fork master short,https://lichess.org/8j7lzANR/black#86,,
5lCCC,8/1p3pkp/6p1/8/p3B3/2P2N1P/P4P2/3n3K w - - 1 32,c3c4 d1f2 h1g1 f2e4,631,97,95,1976,crushing endgame fork master short,https://lichess.org/vr9EkH1h#63,,
4W3xm,8/8/7k/5pp1/8/4qB1P/2b2NPK/5R2 b - - 1 47,f5f4 f2g4 h6g7 g4e3,632,97,94,1824,crushing endgame fork short,https://lichess.org/jcRFBagW/black#94,,
CGGyn,8/2N1k3/p7/Pp4p1/1P2K1P1/2b5/8/8 b - - 4 52,c3b4 c7d5 e7d7 d5b4,632,92,96,1489,crushing endgame fork master short,https://lichess.org/RZUhgTlD/black#104,,
3Lp77,3r2k1/5ppp/pp6/3p1N2/5n2/1P5P/P2Rr1P1/2R3K1 w - - 3 28,d2e2 f4e2 g1f2 e2c1,633,97,93,1339,crushing endgame fork short,https://lichess.org/RNAJTjj6#55,,
BtOvK,2k3r1/ppp2p1p/5p2/4nN2/1P6/P2r2P1/5PK1/R4R2 b - - 4 21,d3d2 f5e7 c8b8 e7g8,633,98,96,1193,crushing endgame fork short,https://lichess.org/ZSlYlFo9/black#42,,
4APgx,1R6/5p1k/2p1r1pp/1p1p4/p4P2/P1P3P1/1P5P/1B4K1 w - - 0 30,f4f5 e6e1 g1f2 e1b1,634,97,95,1318,advantage endgame fork short,https://lichess.org/tSwCqbls#59,,
8TcGh,8/6p1/1p6/3pnR2/4k1PP/8/P7/6K1 w - - 1 40,f5g5 e5f3 g1f2 f3g5,634,105,92,1307,crushing endgame fork short,https://lichess.org/oO85c4tr#79,,
2WLTg,2r3k1/6pp/p4b2/r3p3/4N3/2pP2PP/2R3K1/4R3 b - - 3 34,g8f7 e4d6 f7f8 d6c8,634,96,96,1109,advantage endgame fork short,https://lichess.org/BwqKHPyV/black#68,,
BWcwJ,8/1kn2p2/p5p1/Kp5p/8/P3BPP1/1P5P/8 w - - 4 34,a5b4 c7d5 b4c5 d5e3,636,100,96,1108,crushing endgame fork master short,https://lichess.org/Tho0goLP#67,,
579Pm,6rk/p6p/1p1N4/2n5/P1p5/2P5/6PP/R6K b - - 2 34,g8d8 d6f7 h8g7 f7d8,636,92,91,1098,crushing endgame fork short,https://lichess.org/28naP0NG/black#68,,
77yre,8/7p/1p6/1k3p2/pP1K1P2/P3B1P1/7n/8 w - - 0 40,e3g1 h2f3 d4d5 f3g1,636,94,93,1067,crushing endgame fork master short,https://lichess.org/pRJcgCvV#79,,
AkMbK,r7/4k2p/p1Pp2p1/P4n2/1PQ5/7P/6K1/8 w - - 2 39,b4b5 f5e3 g2g3 e3c4,637,84,98,2255,crushing endgame fork master short,https://lichess.org/NvMYJI1s#77,,
D2lW9,5r2/p3k3/1p1P4/2p1P3/2P1Kp2/5N1b/P5p1/6R1 b - - 0 44,e7e6 f3g5 e6d7 g5h3,637,103,93,1760,crushing endgame fork short,https://lichess.org/5Zz8g1oN/black#88,,
2wfa4,3k4/p5b1/2p1p3/5p1p/4Np2/1P3P2/P1P3PP/6K1 w - - 0 23,e4c5 g7d4 g1f1 d4c5,637,101,93,1498,crushing endgame fork short,https://lichess.org/pa9iOIhU#45,,
AkxTC,1k2r3/ppp5/5N1p/6p1/6Pn/5P2/P4K1P/4B3 b - - 0 31,e8f8 f6d7 b8c8 d7f8,637,98,92,1073,advantage endgame fork short,https://lichess.org/497Y4GK9/black#62,,
5JsiU,8/B5k1/7p/4n3/1P6/P1n5/5KPP/8 b - - 2 32,e5c4 a7d4 g7g6 d4c3,638,95,90,1008,crushing endgame fork short,https://lichess.org/fIVnmiUT/black#64,,
6aHtj,1k1r4/1p3pp1/1pp4p/3r4/4n3/R2P3P/5PP1/Q5K1 w - - 0 31,d3e4 d5d1 a1d1 d8d1,639,103,91,1607,crushing endgame fork queenRookEndgame short,https://lichess.org/MmLSKh5w#61,,
5bhHR,8/5p2/7k/8/4qPp1/4P3/4NK2/8 b - - 3 69,h6h5 e2g3 h5g6 g3e4,639,110,91,1117,crushing endgame fork short,https://lichess.org/TIrOil9r/black#138,,
AdehC,5k2/5p2/p6p/p5nP/2R5/2P5/7K/8 w - - 1 50,c4d4 g5f3 h2g3 f3d4,640,108,95,1172,crushing endgame fork master short,https://lichess.org/HHEvzZsF#99,,
16CNV,3b4/6kp/6p1/3K1pN1/8/2P3P1/6P1/8 b - - 1 36,h7h6 g5e6 g7f6 e6d8,640,102,92,1056,crushing endgame fork short,https://lichess.org/BTFDB2m5/black#72,,
3E2Ns,8/8/5p2/3p1k1p/p2Pb1p1/6P1/1P1K1PP1/5N2 b - - 3 35,e4g2 f1e3 f5e4 e3g2,642,112,96,1747,advantage endgame fork short,https://lichess.org/4fA2vWPt/black#70,,
B71o9,2r5/6p1/5p1p/2P1p2P/pP1nk1P1/3R4/8/2R3K1 w - - 3 38,d3a3 d4e2 g1h2 e2c1,642,95,93,1556,crushing endgame fork short,https://lichess.org/ZDE3GR5o#75,,
6S2d3,8/4k3/1p6/3pN3/p2P3R/P1P5/KP6/4q3 b - - 0 49,e1h4 e5g6 e7d6 g6h4,643,99,93,1668,crushing endgame fork short,https://lichess.org/Yd562ABl/black#98,,
48tUq,3B4/1p6/p1p1k1p1/P1Pp2pp/1P1P2P1/6PP/3K1n2/8 w - - 9 45,d8g5 f2e4 d2e3 e4g5,643,101,92,1398,crushing endgame fork short,https://lichess.org/S5QH44EN#89,,
4Yt5K,3k4/5pbp/p3p1p1/3p4/P4PP1/8/2P4P/1R4K1 w - - 0 27,b1b6 g7d4 g1f1 d4b6,643,100,94,1353,crushing endgame fork short,https://lichess.org/HmaZ04cr#53,,
5hdQ1,r5k1/p1q3pp/1p6/2p1n3/P7/1P1Q2P1/1B1n2NP/R5K1 w - - 1 23,d3d2 e5f3 g1h1 f3d2,643,103,93,1094,crushing fork middlegame short,https://lichess.org/bn4rLuSI#45,,
BBjqZ,8/5ppp/pN1k1b2/8/PP6/7P/5PP1/6K1 w - - 0 32,f2f3 f6d4 g1f1 d4b6,644,95,93,1723,crushing endgame fork short,https://lichess.org/9uTAbG9t#63,,
5WF8b,1r4k1/5ppp/2N1p3/1P6/r1P3b1/P1R1K3/6P1/8 b - - 2 40,b8c8 c6e7 g8f8 e7c8,645,102,96,1106,crushing endgame fork short,https://lichess.org/lRXOW5lz/black#80,,
C3Gwu,3n2k1/5ppp/p5b1/1p1Np3/8/2P2PP1/1P2B2P/3K4 b - - 1 30,g6f5 d5e7 g8f8 e7f5,646,110,95,2072,advantage endgame fork short,https://lichess.org/rDLELhvJ/black#60,,
2HGj2,5k2/1R2r1pp/pB3p2/4p3/5n2/2P2P2/PP3KPP/8 w - - 0 27,b6c5 f4d3 f2e3 d3c5,646,96,93,1451,advantage endgame fork short,https://lichess.org/UZjv4jqR#53,,
ASb7J,8/2R1bkp1/7p/p3P3/5P2/P2n2P1/1P4KP/8 w - - 1 32,c7c2 d3e1 g2f1 e1c2,646,115,93,1043,advantage endgame fork short,https://lichess.org/3jkMl8DH#63,,
2XeWP,8/1p3kp1/4p3/p2p1p2/P4P2/1P1Nr3/2K5/8 b - - 0 45,e3f3 d3e5 f7f6 e5f3,647,95,90,2284,advantage endgame fork short,https://lichess.org/U3yHMr81/black#90,,
CVl1z,5rk1/6np/p1N2pp1/3Pp3/1P2P1P1/8/P1n4P/3R2NK w - - 2 42,h1g2 c2e3 g2f3 e3d1,648,105,93,2394,crushing endgame fork master short,https://lichess.org/q9Oe4NZR#83,,
AslB8,8/8/8/2n1pk2/R7/8/3K4/8 w - - 6 59,a4a5 c5b3 d2e3 b3a5,648,102,94,1540,crushing endgame fork master short,https://lichess.org/J125emJK#117,,
0sH0y,r5k1/pR3pp1/1p5p/8/P1pB1n2/5P2/1PP3PP/2K5 w - - 7 28,g2g4 f4e2 c1b1 e2d4,649,98,93,1571,advantage endgame fork short,https://lichess.org/7Ikh0VSR#55,,
2nkYl,6k1/3q2p1/2pP1pNp/p4P2/8/4r2P/PP4PK/3R4 b - - 1 28,g8h7 g6f8 h7g8 f8d7,649,105,97,1212,crushing endgame fork short,https://lichess.org/hB0tssMh/black#56,,
BICtR,8/4k1Np/3N1p2/2K1p3/2P3P1/8/3r4/8 b - - 3 45,d2d6 g7f5 e7e6 f5d6,650,103,94,2289,crushing endgame fork short,https://lichess.org/w4Bx5Yau/black#90,,
9p1RN,8/1p4p1/p3b2p/Pk1p4/1P6/2K3P1/2N3P1/8 b - - 1 49,g7g6 c2d4 b5a4 d4e6,650,99,95,1220,crushing endgame fork short,https://lichess.org/EIDE6QXe/black#98,,
4dht3,8/1b2k3/1p4Bp/3P4/P2B1N2/1P5P/3n4/2b3K1 w - - 5 42,g6c2 d2f3 g1f2 f3d4,651,94,98,1561,crushing endgame fork master short,https://lichess.org/nGenfZiX#83,,
Ar2jx,8/pp6/3p2k1/P1pP4/2Pn1B1P/2K5/4b3/3B4 w - - 3 44,d1e2 d4e2 c3d3 e2f4,651,89,99,1084,crushing endgame fork master short,https://lichess.org/CH43fowJ#87,,
A1PVo,8/pp6/2p1kp2/3p4/3P4/P1Pn1R2/6r1/5K2 w - - 0 42,f1g2 d3e1 g2g3 e1f3,652,96,90,1694,crushing endgame fork short,https://lichess.org/mDkMle0A#83,,
0wrxo,7r/2p4p/pp1k4/2p5/6Nn/1PP4P/1P3Pb1/1N2R1K1 w - - 2 28,g1h2 h4f3 h2g2 f3e1,652,97,94,1271,crushing endgame fork short,https://lichess.org/tNWwcol0#55,,
9WvE2,8/5p2/2p3pp/b3k3/2P5/4K2P/1N4P1/8 b - - 8 54,a5b4 b2d3 e5d6 d3b4,652,112,93,1194,crushing endgame fork short,https://lichess.org/s1V4by0Y/black#108,,
D8U2j,8/ppk5/8/3p1R2/1PnP4/P5P1/6K1/8 w - - 1 46,f5d5 c4e3 g2f3 e3d5,652,97,91,1112,advantage endgame fork short,https://lichess.org/66nqKa6y#91,,
3lgzB,5bk1/pp1n4/3p2q1/2pPpNPp/2P1P3/1P6/P2Q2P1/6K1 b - - 0 26,f8g7 f5e7 g8h7 e7g6,653,85,97,1781,crushing endgame fork master short,https://lichess.org/zNDYKZ70/black#52,,
2aKmg,8/pb1k2p1/1p2p3/8/3n1PKP/P5P1/1P6/2R5 w - - 0 49,c1d1 b7f3 g4g5 f3d1,653,98,93,1411,crushing endgame fork short,https://lichess.org/x7YZkZ1B#97,,
0ikls,8/5k1p/5P2/8/1ppn4/6KP/P4R2/8 w - - 0 46,f2f4 d4e2 g3f2 e2f4,654,111,96,1388,crushing endgame fork short,https://lichess.org/iuCoIkQn#91,,
6GvoY,2r3k1/p7/4p1Np/3b4/2pp3P/8/PP4P1/2R3K1 b - - 0 32,d4d3 g6e7 g8f7 e7c8,654,88,97,1368,advantage endgame fork master short,https://lichess.org/yqValawP/black#64,,
93grQ,2b5/4k3/1pp2p2/5P2/2P1P3/1P1N1Kp1/3R3n/8 w - - 3 45,f3g3 h2f1 g3f4 f1d2,654,107,96,1254,advantage endgame fork master masterVsMaster short,https://lichess.org/RNLnY9Qr#89,,
12neu,2B2k2/pp4bp/6p1/8/5B2/P1n4P/5PP1/6K1 w - - 1 27,c8b7 c3e2 g1f1 e2f4,654,105,96,1180,crushing endgame fork short,https://lichess.org/eF62XRSc#53,,
0SWPd,r6k/pp4p1/2p3B1/4n3/3R4/2P5/PP3P1P/6K1 w - - 2 34,g6f5 e5f3 g1f1 f3d4,654,95,98,1095,crushing endgame fork short,https://lichess.org/dK9kOghv#67,,
AalmM,1r4k1/2b2ppp/2p5/p2p4/P2P4/2n1B2P/1P1N1PP1/1R4K1 w - - 0 25,b1c1 c3e2 g1f1 e2c1,655,102,95,1780,crushing endgame fork short,https://lichess.org/Zedpbldn#49,,
5QbC0,8/1p6/p2p3k/2pPp3/4P2p/1P4n1/P7/2KN2R1 w - - 5 36,d1e3 g3e2 c1d2 e2g1,655,95,91,1403,advantage endgame fork short,https://lichess.org/zXbJB5Xp#71,,
4SPHO,5r1k/5pp1/p6p/3N2PP/3R1P2/6n1/PPP5/2K5 w - - 2 37,g5h6 g3e2 c1d2 e2d4,655,104,99,1149,advantage endgame fork master short,https://lichess.org/RILAkj2P#73,,
ADSCg,r1b2rk1/1pp2p1p/pb4p1/3q4/1P2N3/P2BPP1P/5P2/R2Q1RK1 b - - 0 18,c7c6 e4f6 g8h8 f6d5,656,98,90,1833,crushing fork middlegame short,https://lichess.org/rNfsri2n/black#36,English_Opening English_Opening_Kings_English_Variation,
942Fn,6k1/5p1p/4b1p1/2pN4/P1PbP3/3B3P/1p4P1/7K b - - 0 29,e6c8 d5e7 g8f8 e7c8,656,89,97,1406,advantage endgame fork master short,https://lichess.org/f16lkLlg/black#58,,
8olww,6k1/5p2/7p/6p1/2PPp3/4P1P1/1rp2PKP/2R5 w - - 0 40,g2f1 b2b1 f1e1 b1c1,602,103,90,1885,crushing endgame pin rookEndgame short,https://lichess.org/bXljebIM#79,,
AgXz9,6k1/2r2P1p/p5p1/2p5/1n3PB1/1P2P1K1/p6P/R7 b - - 0 35,c7f7 g4e6 g8g7 e6f7,648,101,96,1700,advantage endgame pin short,https://lichess.org/h6n41tVy/black#70,,
24eHW,8/5p2/4pk2/PP6/6P1/2r5/3p2PP/3B2K1 w - - 0 45,a5a6 c3c1 g1f2 c1d1,659,97,95,1034,crushing endgame master pin short,https://lichess.org/cTZgFaSh#89,,
5dACu,8/pppk4/3r4/2pPK1pp/8/8/PP4PP/3R4 b - - 0 29,c7c6 d5c6 d7c6 d1d6,724,94,97,1680,attraction crushing discoveredAttack endgame pin rookEndgame short,https://lichess.org/WUf8NX2h/black#58,,
3E6AP,3r2k1/p2r3p/1p2b1p1/3RPp2/1qB2P2/2R1P2P/P3Q1P1/6K1 b - - 0 28,b4c3 d5d7 d8d7 c4e6,729,91,95,2037,advantage discoveredAttack kingsideAttack middlegame pin short,https://lichess.org/4VtWeObx/black#56,,
9LKes,r3k2r/pppbqN2/2n1pn2/b2p2p1/3P3p/2PBP2P/PPQN1PPB/R3K2R b KQkq - 0 13,e7f7 d3g6 h8g8 g6f7,753,97,93,1113,attackingF2F7 crushing middlegame pin short,https://lichess.org/JnATuWBL/black#26,Indian_Defense Indian_Defense_London_System,
3wrRf,r2qk1nr/2pn1ppp/3b4/pB1Pp3/P3P3/2Q3N1/5PPP/R1B1K2R w KQkq - 2 14,b5c6 d6b4 c1d2 b4c3,753,94,95,1062,advantage middlegame pin short,https://lichess.org/gF9uc5se#27,Queens_Gambit_Accepted Queens_Gambit_Accepted_Central_Variation,
6JpH6,3rk2r/pp3p2/2n1p2p/4P1p1/8/6P1/PR3PP1/4KB1R b Kk - 0 18,b7b6 f1b5 e8e7 b5c6,756,98,95,2540,advantage endgame pin short,https://lichess.org/JKUQGL2B/black#36,Slav_Defense Slav_Defense_Other_variations,
8Mkhd,2kr1bnr/ppp1pppp/2n5/4q3/5P2/2NP4/PPP1BP1P/R1BQK2R b KQ - 0 8,e5f5 e2g4 g8h6 g4f5,758,99,93,2189,crushing opening pin short,https://lichess.org/560b9efD/black#16,Scandinavian_Defense Scandinavian_Defense_Mieses-Kotroc_Variation,
0162G,2r1kb1r/1p3ppp/p7/3ppP2/8/1P1PBP2/P4RPP/R5K1 w k - 1 21,a1c1 c8c1 e3c1 f8c5,758,103,94,1397,crushing endgame pin short,https://lichess.org/cwvenor8#41,,
7RGS5,8/5ppk/5n1p/5q2/4p2P/4P1P1/2B2PK1/1Q6 b - - 3 48,f6g4 c2e4 f5e4 b1e4,766,111,96,1453,crushing endgame pin short,https://lichess.org/iBQI1ZD6/black#96,,
9bOxR,r1b1kb1r/ppq1pppp/3p1n2/2p5/8/1PN1PP2/PBPPBP1P/R2QK2R b KQkq - 0 8,c7c6 e2b5 c8d7 b5c6,770,94,96,1156,crushing opening pin short,https://lichess.org/SdFDRXDD/black#16,Nimzo-Larsen_Attack Nimzo-Larsen_Attack_English_Variation,
BiEdM,b6r/p2Nk3/2p1pp2/2Np3n/3P1P2/8/PPP4P/R6K w - - 0 28,a1f1 h5g3 h1g1 g3f1,774,79,98,1616,advantage endgame pin short,https://lichess.org/2n5RvLAc#55,,
2QRLz,2r3k1/pp3ppp/8/8/8/N6P/PP1p2P1/2rR1R1K w - - 4 31,h1g1 c1d1 f1d1 c8c1 g1f1 c1d1,778,82,99,1402,attraction clearance crushing endgame long pin,https://lichess.org/dqA95kXj#61,,
1SfHB,8/2k4p/p5p1/8/1r6/4N2P/2p2PP1/R5K1 w - - 0 43,a1c1 b4b1 g1h2 b1c1,781,80,98,1297,crushing endgame pin short,https://lichess.org/xmcHYtho#85,,
0fivA,rnb1kb1r/pp3ppp/1qp1p3/3pP3/3P4/2Q2N2/PPP2PPP/R1B1KB1R w KQkq - 2 8,c1e3 f8b4 e3d2 b4c3,785,98,94,1520,crushing opening pin short,https://lichess.org/86Vd73H5#15,Caro-Kann_Defense Caro-Kann_Defense_Campomanes_Attack,
5xZgC,6k1/2p3p1/4p3/pPP1n3/P2R3p/4N2P/r5PK/8 w - - 0 38,d4h4 e5f3 h2g3 f3h4,788,93,94,1817,crushing endgame pin short,https://lichess.org/OXjKefWz#75,,
4JhwU,6k1/2p1q3/1p1p2p1/pP1Pp1P1/1n2P3/1P2Q2B/1P1K4/8 b - - 0 27,e7f7 h3e6 g8g7 e6f7,792,80,97,1006,crushing endgame master masterVsMaster pin short,https://lichess.org/CjEDXhLI/black#54,,
C3xV5,r4bkr/p2q2p1/1p2b2p/2p1p3/P2nN3/1P4Q1/R1PP1PPP/2B1R1K1 b - - 3 16,d4c6 e4f6 g8f7 f6d7,794,82,99,1155,advantage middlegame pin short,https://lichess.org/3CGpkUE9/black#32,Four_Knights_Game Four_Knights_Game_Italian_Variation,
9YIol,2kr3r/pp1qb3/8/2p5/2Pp2pp/P1PB4/5PP1/RQ3RK1 b - - 0 24,d4c3 d3f5 h8f8 f5d7,795,92,94,1564,crushing middlegame pin short,https://lichess.org/ZKLZXroY/black#48,,
9G5wQ,5rk1/2r2p2/6pp/8/B2Q4/b1p5/6PP/4R1K1 w - - 1 39,a4c2 a3c5 d4c5 c7c5,795,88,93,1412,crushing endgame pin short,https://lichess.org/UwP5ccex#77,,
07046,r5k1/1p3p1p/3Pp1p1/3p4/3b4/6P1/R4PKP/R7 b - - 0 32,a8d8 a2a8 d4a1 a8d8,796,93,94,1036,advantage endgame pin short,https://lichess.org/vIhgg5d5/black#64,,
2ZM1x,6k1/5pp1/p6p/2n5/8/3PK2P/3B1PP1/8 b - - 1 35,g8f8 d2b4 f8e8 b4c5,799,107,96,1927,crushing endgame pin short,https://lichess.org/QJ7lqadL/black#70,,
8gSA8,r1b1k1nr/ppp2ppp/2qp4/8/P7/2P1P1P1/1P5P/RN1QKBR1 b Qkq - 0 11,g8f6 f1b5 e8g8 b5c6,799,86,95,1240,advantage middlegame pin short,https://lichess.org/bTmKQOz6/black#22,Scotch_Game Scotch_Game_Classical_Variation,
5NsB4,8/5qk1/5p2/2RN1Pp1/2KP4/8/8/8 b - - 8 55,g5g4 c5c7 f7c7 d5c7,802,100,94,1542,crushing endgame pin short,https://lichess.org/MYbPfX9G/black#110,,
Baqfq,8/5pk1/p2p2np/2pP3B/2P2P1P/1Pq3P1/P3Q1K1/8 w - - 0 36,g2h3 g6f4 h3h2 f4e2,806,87,95,1886,crushing endgame pin short,https://lichess.org/xC1OCrHO#71,,
76V74,r2qk2r/1pnnppbp/p2p2p1/2pP4/2P1PP2/P3Q3/RP2B1PP/1NB2RK1 w kq - 0 14,b2b3 g7d4 e3d4 c5d4,808,95,96,2268,crushing opening pin short,https://lichess.org/3FmJVJfv#27,Benoni_Defense Benoni_Defense_Old_Benoni,
5rF2m,2rq4/p4k2/3Q1n2/1p1p1bp1/3P4/3B1P2/PP6/1K2R1N1 w - - 5 25,e1e7 d8e7 d6e7 f7e7,809,80,97,1446,crushing middlegame pin short,https://lichess.org/59WenLUv#49,,
9fhtc,7k/7p/p7/7P/1pP1B3/8/PP2pr2/1K2R3 w - - 0 33,c4c5 f2f1 b1c2 f1e1,809,92,94,1095,crushing endgame master masterVsMaster pin short,https://lichess.org/NuLkcIam#65,,
1doNR,rnbq1rk1/1p2bppp/p2p4/8/4Pp2/1NN1Q3/PPP3PP/2KR1B1R w - - 0 12,e3f4 e7g5 f4g5 d8g5,817,88,95,1665,crushing opening pin short,https://lichess.org/Cnf7EzT2#23,Sicilian_Defense Sicilian_Defense_Najdorf_Variation,
3nSNv,r4k1r/p4ppp/1q2p1b1/2Npn3/3N4/4P3/PPP3PP/R2Q1RK1 b - - 2 17,b6c5 d4e6 f8g8 e6c5,820,82,98,1197,advantage middlegame pin short,https://lichess.org/mt8Zbt48/black#34,Caro-Kann_Defense Caro-Kann_Defense_Advance_Variation,
5jC0e,1r2k2r/1q3ppp/b3p3/1pn1P3/2pN4/5B2/1PP3PP/Q4RK1 b k - 0 21,b7d7 f3c6 b8b6 c6d7,824,90,96,1262,advantage middlegame pin short,https://lichess.org/LEcuwWgR/black#42,,
6T4pk,2B2b1k/7p/3p1p1P/3Pp3/5PP1/4P3/1rp5/2R3K1 w - - 0 42,g4g5 b2b1 g1f2 b1c1,826,91,92,1810,crushing endgame master pin short,https://lichess.org/vhqoymoI#83,,
D9gwt,8/4b2k/p6p/1rp1pP2/Np6/1P3P1P/2P4K/4R3 w - - 0 30,e1e5 e7d6 f3f4 d6e5,827,79,99,1810,advantage endgame pin short,https://lichess.org/4v2WRTI8#59,,
BvCm9,3rr1k1/5p2/3p4/pb1P2p1/2p1P1P1/8/PQ3N2/1K6 w - - 1 35,b2b5 d8b8 b5b8 e8b8,827,90,94,1174,crushing endgame pin short,https://lichess.org/eOJ8GkyB#69,,
18xKT,5rk1/8/4p3/3n2pP/8/8/1PR2P2/1N3K2 w - - 2 31,b1c3 d5e3 f1e2 e3c2,828,102,96,2209,crushing endgame pin short,https://lichess.org/lFH5uaxO#61,,
7SMQS,rnbqk2r/ppp1bppp/3pp3/8/3PPQ2/2N5/PPP2PPP/R3KBNR w KQkq - 1 7,e1c1 e7g5 f4g5 d8g5,830,84,96,3100,crushing opening pin short,https://lichess.org/TZe3cCRq#13,Rat_Defense Rat_Defense_Small_Center_Defense,
7Kbce,8/1p4k1/3b1p2/1P1p4/3P1n2/2K2P2/6P1/1R6 b - - 0 39,f4g2 b1g1 g7f8 g1g2,830,85,93,1661,crushing endgame master pin short,https://lichess.org/NtLbHFTw/black#78,,
9IG1E,5bk1/5q1p/3pP1p1/P3pr2/8/1P2B2P/5PB1/3R2K1 b - - 0 32,f7e6 g2d5 e6d5 d1d5,832,90,95,1523,crushing endgame master pin short,https://lichess.org/20RYNsES/black#64,,
C6ZzU,2k5/2p5/1p4p1/pP2r1p1/n3N1P1/5P1P/2R3K1/8 b - - 1 39,e5b5 e4d6 c8d7 d6b5,837,84,91,1072,advantage endgame pin short,https://lichess.org/Uak2mnQ9/black#78,,
2RqmP,r4rk1/pp4pp/8/3nB1PP/1b5N/8/PP3P2/R4K1R w - - 3 25,a1d1 d5e3 f1e2 e3d1,840,87,94,1624,crushing master middlegame pin short,https://lichess.org/MqclfomX#49,,
3JWH4,rn1qk2r/1p2bp1p/p2p4/3Ppp2/8/1N1B4/PPPQ1PPP/2KR3R w kq - 0 14,d3f5 e7g5 h1e1 g5d2,841,81,97,1160,crushing middlegame pin short,https://lichess.org/ineCKgLt#27,Sicilian_Defense Sicilian_Defense_OKelly_Variation,
6VcUH,r1b2rk1/pp1qbpp1/3p3p/2pP4/4PP2/2N1Q1PP/PPP5/2KR1B1R w - - 1 18,f4f5 e7g5 e3g5 h6g5,843,80,97,2024,crushing middlegame pin short,https://lichess.org/RQ2pIObs#35,Scotch_Game Scotch_Game_Other_variations,
882y1,3r2k1/1p4p1/p4p1n/2Pqp3/1P1pN3/P5Q1/5P1P/4R1K1 b - - 1 35,d5d7 e4f6 g8h8 f6d7,843,88,91,1020,crushing endgame pin short,https://lichess.org/RT3L14oy/black#70,,
AkPLD,8/1p6/p1k2n1p/4p1p1/1PK1P3/1P5P/4B1P1/8 b - - 2 40,f6e4 e2f3 c6c7 f3e4,844,97,95,1526,crushing endgame pin short,https://lichess.org/AxEPYOnT/black#80,,
0xPF7,3r3r/4b1kp/pp4p1/3R4/1P6/P3pP1b/2P1B1NP/3R2K1 b - - 2 33,d8d7 d5d7 h3d7 d1d7,844,94,95,1465,crushing middlegame pin short,https://lichess.org/wKp8nYac/black#66,,
7dXjX,r7/1q3p1k/pp1R3p/3Nn3/P3P3/6rP/1PP3P1/R2Q2K1 w - - 1 24,d1d4 e5f3 g1f2 f3d4,844,84,90,1099,crushing middlegame pin short,https://lichess.org/a6PiplFk#47,,
3h46Y,5rk1/7p/1p2p3/p2nB3/3P2p1/P3P3/1P1R1PP1/5K2 w - - 1 33,d2c2 d5e3 f1e2 e3c2,846,85,96,3080,crushing endgame pin short,https://lichess.org/ohatBJVE#65,,
8UcJB,4r3/pk1pb2Q/1p2p3/7P/1P6/P4K2/2P2P2/8 w - - 0 38,h7f7 e8f8 f7f8 e7f8,846,83,96,1908,crushing endgame pin short,https://lichess.org/BaK8oQYM#75,,
B6uac,3r2k1/p6p/3qppp1/8/3r1P2/1P3RP1/P6P/2R1Q1K1 w - - 2 30,c1c2 d4d1 f3f1 d1e1,847,94,94,1226,advantage endgame master pin short,https://lichess.org/mdvuDzxy#59,,
ATOCD,r1b1k2r/pp1p1p2/8/4q2p/6p1/2P3n1/PP2B1P1/RN1QR1K1 b kq - 3 19,g3e2 e1e2 e5e2 d1e2,847,87,95,1220,crushing middlegame pin short,https://lichess.org/IOLIQ4vI/black#38,Sicilian_Defense Sicilian_Defense_Other_variations,
C5DX7,r2b4/1k3pp1/1p1p3p/8/3PP3/1R2B2P/1P3PP1/r1R3K1 w - - 1 26,d4d5 a1c1 e3c1 a8a1 g1h2 a1c1,848,81,98,2018,advantage clearance endgame long pin,https://lichess.org/7BoO7Sbf#51,,
0bJcX,4rrk1/ppp3pp/2bq4/8/6P1/N1P1B3/PP2BPP1/R4RK1 b - - 2 16,d6d5 e2c4 d5c4 a3c4,848,97,95,1006,advantage middlegame pin short,https://lichess.org/QK1543Y8/black#32,French_Defense French_Defense_Knight_Variation,
1RgcQ,r3k3/1pp4r/2q1p1p1/p2p1p1p/P2P1P1P/1Pb1P3/R1P1BKP1/3Q3R b q - 1 19,b7b6 e2b5 c6b5 a4b5,851,91,95,1781,crushing middlegame pin short,https://lichess.org/e3lLyfwx/black#38,Queens_Pawn_Game Queens_Pawn_Game_Other_variations,
3Ot8c,8/5k2/8/6pp/8/1p2qPPP/1P3R2/5K2 b - - 1 30,f7e6 f2e2 e3e2 f1e2,851,93,93,1741,crushing endgame pin queenRookEndgame short,https://lichess.org/lJBoSFW7/black#60,,
34PA2,2k3r1/ppp5/1q3p2/6r1/2p5/1PP2QP1/P4P2/R3R1K1 w - - 0 25,b3b4 g5g3 f3g3 g8g3,852,89,99,1532,crushing endgame pin short,https://lichess.org/vPUQb5yy#49,,
0QwwK,r4rk1/pb1q2pp/1n6/3p2B1/2pNn1B1/4P3/P4PPP/1R1Q1RK1 b - - 5 20,d7f7 g4e6 e4g5 e6f7,854,81,90,2184,crushing kingsideAttack middlegame pin short,https://lichess.org/4Ojok8so/black#40,,
29A0E,5rk1/p2qb1p1/1p5p/2pPp3/8/5Q1P/PPP2P2/2KR3R w - - 3 25,f3e3 e7g5 e3g5 h6g5,854,97,95,1588,crushing endgame pin short,https://lichess.org/hnBDt0qS#49,,
7pyLe,r1bq1rk1/2p1bppp/p2p4/3Pn3/1p3P2/4Q2P/PPP3P1/2KRBBNR w - - 1 13,f4e5 e7g5 e3g5 d8g5,854,78,97,1586,advantage opening pin short,https://lichess.org/p2HZhPx3#25,Center_Game Center_Game_Other_variations,
5ecbE,8/1Q4r1/3pn3/k1p1p2P/2P5/3P2P1/PP4K1/8 w - - 0 43,b7d5 e6f4 g2f3 f4d5,855,78,97,1756,crushing endgame master pin short,https://lichess.org/lHkE8fm4#85,,
9DLY9,8/2r2pp1/2Pb1k2/3P4/3R4/6P1/5P1P/6K1 w - - 1 41,f2f4 d6c5 g1f1 c5d4,857,92,96,1382,crushing endgame pin short,https://lichess.org/9DlA4c8F#81,,
5Ke3M,1rb3kr/pp1nbqpp/8/3N1P2/3pP3/8/PPP3PP/R1BQ1RK1 w - - 0 15,d1d4 e7c5 d4c5 d7c5,857,88,93,1169,crushing opening pin short,https://lichess.org/b2ZN6ON7#29,Rat_Defense Rat_Defense_Harmonist,
7b4oj,8/p4k1p/1pn3p1/8/6P1/1P2bP2/P5KP/R7 b - - 2 31,f7e6 a1e1 e6d6 e1e3,858,85,95,2082,crushing endgame pin short,https://lichess.org/fQxDBcmR/black#62,,
6hIZk,2kr1b1r/1pp2pp1/p1b2q1p/4p3/2P5/P2BB2P/1PQ2PP1/R4RK1 b - - 0 17,f6e6 d3f5 e6f5 c2f5,858,83,94,1124,advantage middlegame pin short,https://lichess.org/Vclc04Dn/black#34,Scandinavian_Defense Scandinavian_Defense_Gubinsky-Melts_Defense,
C17qf,Q4k2/3r2p1/p6p/n1p1p1q1/8/2P1P3/PP2K3/4B2R b - - 7 37,f8e7 e1h4 g5h4 h1h4,860,87,92,2204,crushing endgame pin short,https://lichess.org/SMAY4ezy/black#74,,
DNp1r,2r3r1/1pp2p1k/p2p1p1p/4nN2/1P2P3/P5QP/4RPP1/6K1 w - - 2 37,g3h4 e5f3 g1h1 f3h4,860,90,96,1141,advantage endgame kingsideAttack pin short,https://lichess.org/AjGaEKA8#73,,
CBv5Z,r3k2r/1b1q1p1p/1p1p1bp1/pPpPp3/P7/1Q1P3P/4BPPN/R4RK1 b kq - 1 17,e8c8 e2g4 h7h5 g4d7,861,87,94,1576,crushing middlegame pin short,https://lichess.org/dOcIfRez/black#34,Philidor_Defense Philidor_Defense_Other_variations,
4JuOV,1r4rk/p2P1p1p/5p2/1B3N2/4P3/4P1P1/2p4P/2R3K1 w - - 3 43,b5a4 b8b1 g1g2 b1c1,861,77,99,1424,advantage endgame pin short,https://lichess.org/x1FPAFHl#85,,
7GaFn,1r6/p3Rpkp/2p2pp1/2N5/5r2/P1P5/1P3PKP/8 b - - 2 25,b8b2 c5e6 g7h6 e6f4,862,79,96,3937,advantage endgame pin short,https://lichess.org/6s6YMz8t/black#50,,
9sl9D,8/2p2r2/1p1n2k1/p1p3pp/2P5/1P2NP1P/P2R1KP1/8 w - - 6 37,e3d5 d6e4 f2e1 e4d2,863,88,95,1406,crushing endgame master pin short,https://lichess.org/guDRVJ0H#73,,
5CuWw,N1b4r/pp2kppp/4p2n/2n1q3/8/7P/P2NBPP1/R2QK2R w KQ - 2 17,a1c1 c5d3 e1f1 d3c1,863,94,94,1292,advantage middlegame pin short,https://lichess.org/8U7BSSld#33,Sicilian_Defense Sicilian_Defense_Delayed_Alapin,
AKldS,8/1bq1kppB/4p3/1p1pN3/p2P1P2/2r5/5RPP/3Q2K1 w - - 1 26,f4f5 c3c1 f2f1 c1d1,864,78,97,2097,crushing middlegame pin short,https://lichess.org/msUG2iG9#51,,
Buv5r,r4rk1/pp4p1/2pp1n1p/5P1q/3PP3/1PN2R1P/1PP2QPK/R7 w - - 7 24,e4e5 f6g4 h2g1 g4f2,864,78,97,1865,crushing middlegame pin short,https://lichess.org/lJsZ5VBs#47,,
Abd5B,r1b1k2r/pp2bppp/2B2n2/2ppq3/Q7/2PP4/PP3PPP/RNB2RK1 b kq - 0 11,b7c6 a4c6 f6d7 c6a8,864,85,95,1139,advantage fork opening pin short,https://lichess.org/Uq8aMRgZ/black#22,Sicilian_Defense Sicilian_Defense_Modern_Variations,
9cIpA,3r1kB1/p2r2pp/5p2/1P6/5P2/8/3n2PP/4Q1K1 w - - 7 36,g8h7 d2f3 g2f3 d7d1 e1d1 d8d1,865,88,92,1747,clearance crushing endgame long pin sacrifice,https://lichess.org/3g8ePn3K#71,,
1TNMS,5bk1/p2b4/1p2p1Bp/3pQ3/3r4/8/1P2P3/6K1 w - - 0 43,e5d4 f8c5 d4c5 b6c5,866,78,98,1039,crushing endgame master masterVsMaster pin short,https://lichess.org/PN8VzC2H#85,,
DJRcH,3qk2r/2pn1pp1/prQb2p1/4p3/8/1P1PB1N1/P1P2PPP/R3K2R w KQk - 1 16,c6c3 d6b4 c3b4 b6b4,867,96,95,1088,advantage middlegame pin short,https://lichess.org/RRX5n2Sk#31,Scandinavian_Defense Scandinavian_Defense_Other_variations,
C2pFw,r5k1/ppp4p/3pb1p1/3Nn1q1/2PQ4/4P3/PP4PP/R4BK1 w - - 5 17,d5f4 e5f3 g1h1 f3d4,868,89,94,1010,crushing middlegame pin short,https://lichess.org/cyEEJJQa#33,Queens_Pawn_Game Queens_Pawn_Game_Other_variations,
2vJwi,r1bq1rk1/ppp2ppp/2nb4/4p3/4P3/2QP1N2/PP3PPP/R1B1KB1R w KQ - 1 9,f1e2 d6b4 e1g1 b4c3,869,89,95,1821,crushing opening pin short,https://lichess.org/1J3qzYoM#17,English_Opening English_Opening_Kings_English_Variation,
6noXm,r4rk1/2q1bppn/2p5/p7/2P1P3/4B1NP/1P1Q1PP1/R3K2R w KQ - 0 22,g3f5 e7b4 e1g1 b4d2,869,88,93,1745,advantage middlegame pin short,https://lichess.org/lHIqLT7R#43,,
0cZkt,6k1/7p/1P4p1/1r6/8/4B3/5PPP/1rR3K1 w - - 4 41,g2g3 b1c1 e3c1 b5b1,869,90,90,1211,clearance crushing endgame pin short,https://lichess.org/f16TqUPI#81,,
4t9Bt,3r4/pkpq4/1p1rpp2/7R/2n3P1/P1PN1P2/2P2K2/RQ6 b - - 2 29,e6e5 d3c5 b7b8 c5d7,869,87,92,1190,crushing middlegame pin short,https://lichess.org/7MJLStcH/black#58,,
BdTCE,8/1R3pkp/4p1p1/2Nn4/3P4/6PP/3r1PK1/8 b - - 5 33,d2d4 c5e6 g7f6 e6d4,869,88,93,1112,crushing endgame pin short,https://lichess.org/ZAcLpEdR/black#66,,
5GTb5,2kr3r/ppp1q3/3bNp2/1P1pn1pp/6P1/P2BP2P/1BP2P2/2RQR1K1 b - - 0 19,e7e6 d3f5 e6f5 g4f5,869,89,95,1029,crushing middlegame pin short,https://lichess.org/1vDH73Fs/black#38,Indian_Defense Indian_Defense_Knights_Variation,
D6h1y,8/ppk2B2/2pb3p/1b6/3R1pP1/4P2P/PP6/6K1 w - - 0 34,e3f4 d6c5 g1g2 c5d4,872,88,95,3606,advantage endgame pin short,https://lichess.org/av2bu0lZ#67,,
39njn,r1bqk2r/1pp2p1n/3p4/2b2P1p/p1P1PppN/P1NP4/1P1Q2PP/2KR1B1R w kq - 0 17,g2g3 c5e3 d2e3 f4e3,873,81,91,2978,advantage middlegame pin short,https://lichess.org/v3BieKXL#33,English_Opening English_Opening_The_Whale,
5faJv,6r1/1ppkn3/p7/3Pp2Q/8/2P4P/PP1n2P1/R5K1 w - - 0 27,h5e5 d2f3 g1h1 f3e5,873,89,94,1850,crushing endgame pin short,https://lichess.org/EHbhcShH#53,,
0o1Iz,r1bqkbnr/pppp1ppp/2n5/8/3Q4/5N2/PPP1PPPP/RNB1KB1R w KQkq - 1 4,d4c3 f8b4 c1d2 b4c3,873,97,95,1236,crushing opening pin short,https://lichess.org/qO18V4MG#7,Englund_Gambit_Declined Englund_Gambit_Declined_Reversed_Alekhine,
4msxG,4q1k1/1Q3pp1/2p4p/3p4/1P6/2r3P1/5P1P/R5K1 b - - 1 30,c3b3 a1a8 e8a8 b7a8,877,84,100,3102,advantage endgame pin short,https://lichess.org/qhMvB4b1/black#60,,
BZfys,1k5r/1qp5/p7/Pp5r/3p1R2/2P3Q1/1P4PP/4R2K w - - 0 34,h2h3 h5h3 g3h3 h8h3,877,79,98,1425,crushing endgame master pin short,https://lichess.org/dzQsnqN1#67,,
16LdX,8/pp3pkp/3p2p1/8/7q/P1P3N1/1P4R1/5K2 b - - 3 49,f7f5 g3f5 g7f6 f5h4,877,83,95,1327,crushing endgame pin short,https://lichess.org/ycHRDIzy/black#98,,
BgubM,r4rk1/pp2bppp/2p1p3/4P3/8/3Rn1N1/PPP2PPP/2K1R3 w - - 0 16,e1e3 e7g5 g3h5 g5e3,877,88,95,1141,advantage endgame pin short,https://lichess.org/BSgE7xiu#31,Caro-Kann_Defense Caro-Kann_Defense_Classical_Variation,
9sU6L,2b1rrk1/6p1/1pp4p/2q2P2/3p2P1/3Bp1QP/P1R4K/3R4 b - - 1 33,c5d5 d3c4 d5c4 c2c4,878,97,94,1626,advantage master middlegame pin short,https://lichess.org/BFTcJfcB/black#66,,
6IhKB,1k5r/1pp1N3/5p2/r3p1p1/P3n2p/7P/5PP1/RR4K1 b - - 1 32,h8e8 e7c6 b8a8 c6a5,878,102,95,1155,crushing endgame pin queensideAttack short,https://lichess.org/JFojM4wU/black#64,,
0aGr2,3r4/4k3/1B4pp/8/1P6/2P1KP2/7P/8 b - - 0 33,d8d6 b6c5 e7d7 c5d6,879,86,90,1620,crushing endgame pin short,https://lichess.org/MtlN9Nvh/black#66,,
Ai3GB,r1b2k2/6q1/p3p2p/1p1pn3/2p5/2P4Q/PPB2PPP/1R3RK1 w - - 0 26,h3h4 e5f3 g1h1 f3h4,879,92,95,1052,advantage kingsideAttack middlegame pin short,https://lichess.org/aiQV6sWu#51,,
BW414,r4rk1/1p1q1pp1/p1p4p/3n4/3PN3/6Q1/PP3PPP/2R1R1K1 b - - 9 22,d5b4 e4f6 g8h8 f6d7,880,77,97,2832,crushing middlegame pin short,https://lichess.org/7hsXJ7NV/black#44,,
38Yf6,8/1p6/p1b1R1pk/8/1P3K2/P7/8/8 w - - 0 48,f4g4 c6d7 g4f4 d7e6,880,85,94,1500,crushing endgame pin short,https://lichess.org/yHXtavCv#95,,
8FXnF,5r1k/6pp/3p4/3R4/5P2/2P5/PP2rpPP/5R1K w - - 0 33,d5b5 e2e1 g2g3 e1f1,881,90,92,1501,advantage endgame pin rookEndgame short,https://lichess.org/55IRX57I#65,,
8zhS6,2kr2r1/p1pq1p1p/Pp1b4/5P2/1PP5/3p1B1K/R2B4/3Q1R2 b - - 0 27,d7f5 f3g4 f5g4 d1g4 g8g4 h3g4,882,84,93,1475,crushing long middlegame pin,https://lichess.org/Oq8eaqBC/black#54,,
3dtEt,8/8/6k1/8/5PP1/1r3K2/7R/8 w - - 5 61,f3e2 b3b2 e2d3 b2h2,601,97,90,1033,crushing endgame rookEndgame short skewer,https://lichess.org/MMrO40NE#121,,
8nq3e,8/5p2/3bp1p1/3p3p/k2P4/2KNP1P1/5P1P/8 w - - 0 35,d3e1 d6b4 c3d3 b4e1,603,96,95,1185,crushing endgame master short skewer,https://lichess.org/BL8kEIWw#69,,
3QKeF,2r3k1/p4ppp/1p2p3/5P1n/1B1PP3/P7/1P4PP/R1r1K2R w KQ - 2 23,a1c1 c8c1 e1f2 c1h1,606,88,98,1294,crushing endgame short skewer,https://lichess.org/CLxsCVu4#45,,
2FQV1,2kr4/3r3p/1b6/1p3pp1/1Pp1p3/2P2PP1/2BPK1P1/R1B5 b - - 0 32,d8e8 a1a8 c8c7 a8e8,606,92,91,1266,crushing endgame short skewer,https://lichess.org/B6BH2TXK/black#64,,
D9Fuz,4R3/1p5p/5kp1/2pp4/P4rP1/1P3P2/2K4P/8 b - - 4 38,f4f3 e8f8 f6e6 f8f3,608,94,96,1201,crushing endgame rookEndgame short skewer,https://lichess.org/4Wj2v1hv/black#76,,
2EDu1,r2k4/6Rp/3p4/p7/8/8/3K1PPP/8 b - - 0 28,a5a4 g7g8 d8e7 g8a8,613,92,94,2311,crushing endgame rookEndgame short skewer,https://lichess.org/ONJwQ1Cn/black#56,,
D38Qx,2k5/R7/1p6/2p5/8/6K1/7r/8 b - - 3 43,h2h8 a7a8 c8b7 a8h8,614,85,98,1019,crushing endgame rookEndgame short skewer,https://lichess.org/sgMBqUuy/black#86,,
45B5L,r2k4/7R/p2p1p2/b1p4p/2P3p1/3N2P1/5PKP/8 b - - 3 38,a5c3 h7h8 d8c7 h8a8,616,94,92,1713,crushing endgame short skewer,https://lichess.org/8LOgHQ9N/black#76,,
93fji,8/8/8/7k/7r/p4K2/R7/8 w - - 0 75,a2a3 h4h3 f3e4 h3a3,617,95,97,1653,crushing endgame rookEndgame short skewer,https://lichess.org/qPSRi077#149,,
4VwDl,R7/8/6pk/6p1/p4pP1/2r5/5K1P/8 b - - 5 45,c3h3 a8h8 h6g7 h8h3,618,87,98,1048,crushing endgame master rookEndgame short skewer,https://lichess.org/xPVJG6CO/black#90,,
0BtUA,8/5k2/2R3p1/4PpKp/7P/5rP1/8/8 w - - 0 54,c6g6 f3g3 g5f4 g3g6,619,96,91,2293,crushing deflection endgame rookEndgame short skewer,https://lichess.org/t14uVPOB#107,,
9vCOt,2R5/5ppp/4p1b1/2knP3/8/P4P2/5KPP/2q5 b - - 1 32,d5c7 c8c7 c5b6 c7c1,619,94,96,2129,crushing endgame hangingPiece short skewer,https://lichess.org/wS9y7Guk/black#64,,
AsEsb,8/1R6/4p3/2P1k3/1P6/3K4/8/4r3 w - - 1 52,b7d7 e1d1 d3c4 d1d7,619,106,92,1054,crushing endgame master rookEndgame short skewer,https://lichess.org/hLbBhP07#103,,
3Fyxn,8/3k1r2/R7/8/5p2/5K2/8/8 b - - 1 79,d7c7 a6a7 c7d6 a7f7,620,95,92,1023,crushing endgame rookEndgame short skewer,https://lichess.org/GysV6yAB/black#158,,
5udOW,8/6pk/R6p/1p6/3N3r/P1p2P2/5K2/8 w - - 2 38,d4c2 h4h2 f2e3 h2c2,623,102,95,1545,advantage endgame short skewer,https://lichess.org/iSYQtPoR#75,,
CbvB1,2k2r2/2pn2pp/3p4/3n4/P7/1R3P2/2P2PKP/1R6 b - - 2 24,d7c5 b3b8 c8d7 b8f8,626,109,95,1448,advantage endgame short skewer,https://lichess.org/jmVEC3Gp/black#48,,
140mX,r4r2/2p2kpp/3p4/3PpP2/1p4P1/7P/1PP5/2K1R2R w - - 1 30,e1e4 a8a1 c1d2 a1h1,629,100,93,1432,crushing endgame rookEndgame short skewer,https://lichess.org/Cb0hT5Z8#59,,
9zMhl,6k1/5p2/p2R4/7p/8/1P1b2P1/P2K3P/r7 w - - 7 37,d2d3 a1d1 d3c3 d1d6,629,100,92,1301,crushing endgame rookEndgame short skewer,https://lichess.org/bDosNPE3#73,,
0oyVp,2k5/1pp2p2/p5p1/8/P2N3p/2B5/3P3r/R3K3 w - - 0 28,a1c1 h2h1 e1f2 h1c1,631,98,90,1837,crushing endgame short skewer,https://lichess.org/o2KkgLyZ#55,,
7a5KI,rn2k2r/p2p1ppp/1p2p3/3P4/8/4P3/PP1K2PP/2R2B1R b kq - 0 14,e6d5 c1c8 e8e7 c8h8,631,87,97,1819,crushing endgame short skewer,https://lichess.org/xFUFx7po/black#28,Queens_Indian_Defense Queens_Indian_Defense_Kasparov_Variation,
4TXo3,3r4/8/8/2k5/8/8/2K1R3/8 b - - 9 79,c5d4 e2d2 d4e4 d2d8,633,95,94,2946,crushing endgame master rookEndgame short skewer,https://lichess.org/6kWNcVXZ/black#158,,
40f2S,8/5k2/3qp1p1/3p4/3P4/4PK2/2p5/7R b - - 1 40,d6c7 h1h7 f7f6 h7c7 c2c1q c7c1,634,84,100,1247,crushing endgame long queenRookEndgame skewer,https://lichess.org/Z3NhZQAK/black#80,,
CDsEz,8/8/p5pk/2p4p/r4P2/4PN2/3P4/2K3R1 w - - 0 36,f3h4 a4a1 c1c2 a1g1,634,93,94,1221,crushing endgame short skewer,https://lichess.org/IIwyczTA#71,,
1qgS6,2k3r1/R6p/2pp4/8/4P3/1P2n1P1/P1P4P/7K b - - 0 30,h7h5 a7a8 c8c7 a8g8,635,108,94,2069,crushing endgame short skewer,https://lichess.org/zk2rp9Xo/black#60,,
4pZq8,7R/2r1k3/8/2p5/2K5/8/8/8 b - - 19 100,e7f7 h8h7 f7e6 h7c7,635,106,95,1349,crushing endgame rookEndgame short skewer,https://lichess.org/GqP3tRL9/black#200,,
8UiE0,4k3/1p2bp1p/3p2p1/1p1Pp3/4P3/1PP2P2/5KPP/2B5 w - - 3 28,f2e3 e7g5 e3d3 g5c1,636,94,92,1088,advantage bishopEndgame endgame master short skewer,https://lichess.org/HK6hnHxr#55,,
ArRzm,8/2p2pkp/3p4/1r1P2P1/4P3/8/4KP1R/8 w - - 1 38,f2f4 b5b2 e2e3 b2h2,639,95,95,1928,crushing endgame rookEndgame short skewer,https://lichess.org/XZT5qRJo#75,,
2FzXZ,3k2r1/p2p4/1b6/1R4P1/8/6PK/6P1/8 b - - 6 51,b6e3 b5b8 d8e7 b8g8,640,96,91,1458,crushing endgame master masterVsMaster short skewer,https://lichess.org/McJycJxj/black#102,,
7Uorf,r2k4/p4R2/1p2p1p1/4P2p/5K2/6P1/5P1P/8 b - - 0 33,b6b5 f7f8 d8c7 f8a8,640,112,95,1044,advantage endgame master rookEndgame short skewer,https://lichess.org/e6g5RP9I/black#66,,
57wKQ,r4k2/5p1R/p3b2p/8/2p1N3/2K5/PP3P1P/8 b - - 2 27,e6f5 h7h8 f8e7 h8a8,642,92,92,3267,crushing endgame short skewer,https://lichess.org/aVyE5Rnn/black#54,,
5GLkW,5k2/2R5/5p2/5P2/3K2P1/p7/8/r7 w - - 2 45,d4c3 a1c1 c3b4 c1c7,643,85,99,1357,crushing endgame master rookEndgame short skewer,https://lichess.org/N6hQsTzK#89,,
Bw1XZ,r4k2/5p2/1r2p1p1/p3P2p/R5PR/7P/5PK1/8 b - - 0 46,h5g4 h4h8 f8g7 h8a8,646,89,95,2386,crushing endgame rookEndgame short skewer,https://lichess.org/zG9xtQrR/black#92,,
1kdqo,8/2P5/2R4p/5kp1/1K6/6PP/8/1r6 w - - 15 56,b4c3 b1c1 c3d3 c1c6,646,96,92,1428,crushing endgame rookEndgame short skewer,https://lichess.org/8rIkazO7#111,,
6uqNx,1R6/1P6/3k4/5pp1/3p4/5P2/2r3PK/8 b - - 0 49,d6c7 b8c8 c7b7 c8c2,647,99,95,1888,crushing endgame rookEndgame short skewer,https://lichess.org/BL63fWfW/black#98,,
4DGna,7k/R7/5P1r/p4K2/8/8/8/8 w - - 0 87,a7a5 h6h5 f5e4 h5a5,649,86,94,2508,crushing endgame rookEndgame short skewer,https://lichess.org/j0NaqjvR#173,,
CIFYW,7r/7k/8/6K1/8/8/8/5R2 w - - 0 75,f1g1 h8g8 g5f4 g8g1,650,91,99,2004,crushing endgame master rookEndgame short skewer,https://lichess.org/A4YAs8F1#149,,
3HA0l,7r/1p4k1/p1p5/3p4/3Pp1p1/1P2P1P1/1P3PK1/R7 w - - 2 42,g2f1 h8h1 f1e2 h1a1,650,90,96,1084,crushing endgame rookEndgame short skewer,https://lichess.org/E9pgYKW9#83,,
4duxz,8/2k4p/2p5/5PP1/7r/1p2K3/1R6/8 w - - 0 39,b2b3 h4h3 e3e4 h3b3,651,93,96,1793,crushing endgame rookEndgame short skewer,https://lichess.org/iTd2AOf0#77,,
BuueO,8/1k4p1/1P2R3/8/4P3/5PK1/8/2r5 w - - 1 52,e6g6 c1g1 g3h4 g1g6,652,96,92,1954,crushing endgame master rookEndgame short skewer,https://lichess.org/jZUDTrN5#103,,
4DNhM,1k6/1p4p1/2p2p2/7P/8/P2P4/r5P1/2K3R1 w - - 0 36,g2g4 a2a1 c1b2 a1g1,653,112,92,2453,crushing endgame rookEndgame short skewer,https://lichess.org/9EyvkR9X#71,,
4rnk0,2k2r2/Rp4p1/4p2p/3pP3/1n1P4/4BNbP/6P1/6K1 b - - 0 30,g7g5 a7a8 c8d7 a8f8,653,92,96,2400,crushing endgame short skewer,https://lichess.org/mxRLRQwS/black#60,,
9hxDj,3k3r/p3RK2/1p6/3p4/3P2p1/2P5/PP4P1/8 w - - 3 44,e7a7 h8h7 f7e6 h7a7,653,88,97,2239,crushing endgame rookEndgame short skewer,https://lichess.org/4cWOvAle#87,,
CEgg4,7R/8/1pkpp3/6B1/r6P/2P3r1/5K2/8 b - - 3 34,g3c3 h8c8 c6d5 c8c3,655,81,100,1154,advantage endgame master short skewer,https://lichess.org/IaNKlBAo/black#68,,
2IpnQ,2k3r1/2p2p2/R1p2B1r/1p1bP3/3R1Ppp/2P5/2P3PP/6K1 b - - 0 23,g4g3 a6a8 c8b7 a8g8,657,91,96,3715,crushing endgame short skewer,https://lichess.org/AhGluaQq/black#46,,
1j02j,1r3k2/6p1/1p4P1/p6R/8/8/5PPK/8 b - - 0 39,b6b5 h5h8 f8e7 h8b8,657,91,94,1544,crushing endgame master rookEndgame short skewer,https://lichess.org/NwcTduCV/black#78,,
BeZ2g,8/2R1nkpp/p6r/8/8/8/5P2/2R2K2 w - - 3 34,c7a7 h6h1 f1g2 h1c1,659,99,93,2973,crushing endgame short skewer,https://lichess.org/goZrkDTC#67,,
5rxV3,8/7p/5p2/PN1kp3/3p2P1/7P/2K2r2/R7 w - - 2 43,c2d1 f2f1 d1c2 f1a1,659,100,94,1087,crushing endgame master short skewer,https://lichess.org/gCLlpRwq#85,,
7x7gl,1R6/5p2/3pk2p/p1p5/4r3/6P1/1P3PKP/8 b - - 5 33,e4e2 b8e8 e6d5 e8e2,660,96,93,2092,crushing endgame rookEndgame short skewer,https://lichess.org/NF5XNoxG/black#66,,
5ii73,r2k4/p1p2p1R/1p1p4/3Pb3/2P2pP1/1P3Pr1/P4K2/3R4 b - - 14 32,f7f6 h7h8 d8d7 h8a8,660,113,94,1780,advantage endgame short skewer,https://lichess.org/w7gLbS2r/black#64,,
2JwQZ,2r5/2P2k2/7R/5p1p/4pP2/8/3K4/8 b - - 3 52,c8c7 h6h7 f7g6 h7c7,660,99,94,1343,crushing endgame rookEndgame short skewer,https://lichess.org/GMuUR7dV/black#104,,
9tJME,R7/2p3p1/1pPk3p/1Pp2p2/2P2P2/1P4P1/1K6/1r6 w - - 4 52,b2a3 b1a1 a3b2 a1a8,661,116,94,1171,crushing endgame master rookEndgame short skewer,https://lichess.org/y7dv00yC#103,,
1Hj77,6r1/3b1k1p/p1p1pp2/P2p4/NP1P1P2/8/7P/R3K1rR w KQ - 4 22,h1g1 g8g1 e1f2 g1a1,662,100,90,1059,crushing endgame short skewer,https://lichess.org/ibMbsMt7#43,,
9ulEi,8/8/p1k4B/P7/1P2p3/5p2/7r/3R1K2 w - - 4 45,h6e3 h2h1 f1f2 h1d1,663,94,95,1020,crushing endgame master short skewer,https://lichess.org/fUz68t2Q#89,,
9FApd,8/3rr1kp/p2p1p1q/P1p1pQp1/2P1P1P1/1R1n1B2/5PP1/1R3K2 w - - 0 36,b3d3 h6h1 f1e2 h1b1,664,90,95,1804,crushing middlegame short skewer,https://lichess.org/OGdhkNDt#71,,
86pch,8/p5p1/3b1p1p/2p2k2/2P5/B3KP1P/P1P3P1/8 w - - 5 36,a3c1 d6f4 e3f2 f4c1,665,93,91,2459,bishopEndgame crushing endgame short skewer,https://lichess.org/jROtQcqJ#71,,
9d4LO,8/r2k4/P4R2/5pp1/8/8/8/5K2 b - - 1 50,f5f4 f6f7 d7c6 f7a7,665,100,94,1724,crushing endgame master rookEndgame short skewer,https://lichess.org/FCSaO6tI/black#100,,
A6w8a,8/8/6k1/5R2/6KP/8/6r1/8 w - - 17 64,g4f4 g2f2 f4e3 f2f5,665,89,97,1143,crushing deflection endgame rookEndgame short skewer,https://lichess.org/9M7vxkfc#127,,
0Kygw,6r1/1p3k2/pPp1p2p/P1Pp1pP1/3P1P1b/4B2P/R3K3/8 w - - 2 42,g5h6 g8g2 e2d3 g2a2,666,97,95,1758,crushing endgame short skewer,https://lichess.org/bLHuFcaK#83,,
8aZIr,1r3k2/5p2/4pP2/1p1pP2p/7K/8/8/6R1 b - - 3 41,f8e8 g1g8 e8d7 g8b8,666,98,94,1544,crushing endgame rookEndgame short skewer,https://lichess.org/3yzEe1Uj/black#82,,
9Ne44,2r2k2/p1p4R/7p/5pp1/4p3/1P2P1KP/P5P1/8 b - - 1 33,a7a5 h7h8 f8e7 h8c8,667,104,93,1827,crushing endgame rookEndgame short skewer,https://lichess.org/QdDRaCR2/black#66,,
8ObtW,8/5kpp/8/4P3/5PP1/7r/2R1K3/8 w - - 0 42,e2f2 h3h2 f2g3 h2c2,667,96,97,1553,crushing endgame rookEndgame short skewer,https://lichess.org/uMpdmQOv#83,,
7qXvE,2k5/pp5r/2p2np1/4N3/3P4/2N3b1/PP3P2/R4K2 w - - 0 28,f2g3 h7h1 f1e2 h1a1,667,94,94,1462,advantage endgame short skewer,https://lichess.org/OKSf01hA#55,,
1ZEmW,2R5/8/4pkp1/2P4p/7P/6PK/5r2/4b3 b - - 1 35,f2f3 c8f8 f6e7 f8f3,667,95,94,1232,crushing endgame master short skewer,https://lichess.org/r06pn95G/black#70,,
52Voe,2k2r2/B1p3p1/2qp3p/8/1Q2p2b/2P5/PP4PP/R6K b - - 0 28,c6a6 b4b8 c8d7 b8f8,668,108,93,1620,crushing endgame short skewer,https://lichess.org/lk0gLVeR/black#56,,
3i9GD,8/1bpn3p/3k4/1P2p1p1/2K1Pp2/1B3P2/5BPP/8 b - - 3 40,d7f8 f2c5 d6d7 c5f8,669,91,91,1257,crushing endgame short skewer,https://lichess.org/sdd5Rzyr/black#80,,
3oVwN,8/8/r4kp1/5p2/P6R/7P/8/6K1 b - - 2 43,g6g5 h4h6 f6e7 h6a6,669,96,97,1130,crushing endgame master rookEndgame short skewer,https://lichess.org/Z3OoIq3W/black#86,,
B884c,8/8/8/3p3R/1r1K1k2/8/8/8 w - - 1 38,d4d5 b4b5 d5d6 b5h5,670,90,96,2268,crushing endgame rookEndgame short skewer,https://lichess.org/OMDFWMsT#75,,
1ClIv,8/2R3pk/7p/5p2/2p1b3/r6N/2P5/2K2B2 w - - 0 40,c7c4 a3a1 c1d2 a1f1,670,89,95,1852,crushing endgame short skewer,https://lichess.org/dHuiXA6r#79,,
4n8qj,2b1kq2/1p1p3p/2n1p1p1/8/8/2R3P1/2R1B1KP/8 b - - 3 39,c6d4 c3c8 e8e7 c8f8,670,90,93,1190,advantage endgame hangingPiece master short skewer,https://lichess.org/GDqGwXxf/black#78,,
410o9,5rk1/5ppp/3R1n2/1p2p3/r3P1P1/4BP2/1PP4P/2K4R w - - 0 20,c2c3 a4a1 c1c2 a1h1,671,117,93,1384,crushing endgame short skewer,https://lichess.org/FwzVGmQI#39,,
55yLA,8/p7/5k2/4p2p/2B2p2/5P1P/7r/4RK2 w - - 1 41,e1a1 h2h1 f1e2 h1a1,673,97,94,1592,crushing endgame short skewer,https://lichess.org/SyayHFVC#81,,
2RmF6,3k3r/p4ppp/4p3/8/8/4PP2/Pn2KP1P/1R6 b - - 1 20,b2c4 b1b8 d8c7 b8h8,673,89,93,1008,crushing endgame short skewer,https://lichess.org/0XQsdL4B/black#40,,
29btC,4k2r/2R1pp1p/p5pB/4n3/8/P5P1/n3PP1P/6K1 b k - 0 24,f7f6 c7c8 e8d7 c8h8,676,86,97,1214,crushing endgame master short skewer,https://lichess.org/wufQxPP2/black#48,,
3Kd6m,8/8/5rk1/1R6/4K3/8/8/8 w - - 1 51,e4e5 f6f5 e5d4 f5b5,681,92,95,2629,crushing endgame master masterVsMaster rookEndgame short skewer,https://lichess.org/WwGzUMtx#101,,
1mzVT,8/5K2/6pQ/4k3/6r1/8/8/8 w - - 6 72,h6f8 g4f4 f7g8 f4f8,681,89,97,1515,crushing endgame queenRookEndgame short skewer,https://lichess.org/Z92JSq4u#143,,
7YLaq,8/3k4/1p1p4/5P2/8/8/rPP5/2K2R2 w - - 0 32,f5f6 a2a1 c1d2 a1f1,683,102,91,1145,crushing endgame rookEndgame short skewer,https://lichess.org/8nB4U0h2#63,,
AMbF2,8/pp2kpp1/3r3p/8/3pKP2/1P1P4/P1P2P1P/2R5 w - - 6 30,c1e1 d6e6 e4d4 e6e1,684,94,95,2778,crushing endgame rookEndgame short skewer,https://lichess.org/JBQbW93j#59,,
6VMKN,7R/7p/4kp2/p3r1p1/8/1K6/6PP/8 b - - 7 40,e5e2 h8e8 e6d5 e8e2,684,101,93,2035,advantage endgame master rookEndgame short skewer,https://lichess.org/3Bvqpm5O/black#80,,
0qcnA,6k1/7p/8/2R5/4P3/6P1/1ppK1P2/1r6 w - - 0 39,d2c2 b1c1 c2b2 c1c5,685,99,97,1068,crushing endgame rookEndgame short skewer,https://lichess.org/GhTTYhmq#77,,
9WWt4,4k2r/p3nppp/4p3/1P6/3P4/5N2/5PPP/2R3K1 b k - 0 21,e7d5 c1c8 e8e7 c8h8,686,89,98,1019,crushing endgame short skewer,https://lichess.org/n87b3my9/black#42,,
C09lV,7r/p1p5/2ppkp2/4p3/P3Pp1r/1P1P1R2/2P2N2/R5K1 w - - 1 26,g1f1 h4h1 f2h1 h8h1 f1e2 h1a1,688,98,92,1103,crushing endgame exposedKing long sacrifice skewer,https://lichess.org/IUL4espB#51,,
AwapQ,4k2r/ppn5/5p1p/4p1p1/PB6/2R2PP1/5K1P/8 b k - 2 29,c7a6 c3c8 e8f7 c8h8,689,96,91,1637,crushing endgame short skewer,https://lichess.org/RCRGkUOv/black#58,,
3XxAe,4kb1r/8/2p5/B1P1p2p/5pp1/8/P3KPPP/1R6 b k - 0 26,f8c5 b1b8 e8f7 b8h8,689,91,95,1294,crushing endgame short skewer,https://lichess.org/Z1PjeJmt/black#52,,
6hotb,8/1r2kp2/3p2p1/2pP4/P1N1n3/1P1K4/7R/8 b - - 1 44,f7f5 h2h7 e7f6 h7b7,689,92,95,1144,crushing endgame master short skewer,https://lichess.org/qRuG3xQa/black#88,,
5w4fr,8/R7/1p2p1k1/3p2P1/3P4/2P5/1KP5/6r1 b - - 6 48,g6g5 a7g7 g5f4 g7g1,690,88,96,1825,crushing endgame rookEndgame short skewer,https://lichess.org/hrq6qPVh/black#96,,
8682d,8/7k/8/p7/3RK2P/6r1/8/8 w - - 0 45,d4a4 g3g4 e4d3 g4a4,690,81,99,1636,crushing endgame master rookEndgame short skewer,https://lichess.org/1PUrl3dq#89,,
9CIkq,7r/1p3p2/3p1kp1/pPb5/P3P1Pr/5PN1/6P1/1R1R1K2 w - - 4 35,d1d5 h4h1 g3h1 h8h1 f1e2 h1b1,690,82,100,1000,advantage endgame long sacrifice skewer,https://lichess.org/6uevm5oE#69,,
4n2Rm,8/4k3/1p5r/pR6/P5K1/8/8/8 b - - 2 54,e7d6 b5b6 d6d5 b6h6,691,83,98,1965,crushing endgame rookEndgame short skewer,https://lichess.org/KZZ4Cbg0/black#108,,
CtlGG,5R2/P2k4/8/8/6K1/r1p5/7P/8 b - - 1 54,a3a7 f8f7 d7d6 f7a7,691,104,91,1206,crushing endgame rookEndgame short skewer,https://lichess.org/JvyDcN9s/black#108,,
1FvEo,4R3/8/5pk1/5p1p/5P2/2r3P1/6P1/6K1 b - - 7 53,c3g3 e8g8 g6h6 g8g3,692,89,98,2484,crushing endgame master rookEndgame short skewer,https://lichess.org/pHWA2wlI/black#106,,
1FEi6,3k3r/2p5/3p1n2/3Pp1K1/2P4p/R4BpP/6P1/8 b - - 12 45,f6d7 a3a8 d8e7 a8h8,693,95,95,2750,crushing endgame short skewer,https://lichess.org/GdSmDq5Q/black#90,,
BRxTY,6k1/1p6/p5pr/3p2NP/P1n3P1/4PP2/2R2K2/8 w - - 0 36,h5g6 h6h2 f2g3 h2c2,693,90,92,1715,crushing endgame short skewer,https://lichess.org/EtrVkwOl#71,,
1qG5C,8/pp6/6R1/4kBp1/6P1/2q4P/6K1/8 b - - 1 44,c3e3 g6e6 e5d4 e6e3,693,92,99,1575,crushing endgame short skewer,https://lichess.org/UywGI42K/black#88,,
989v6,8/1r3k2/4p2R/3p1p1P/3P2p1/1pP3P1/1b2KP2/3B4 b - - 0 49,b2c3 h6h7 f7f6 h7b7,695,95,92,1406,crushing endgame master short skewer,https://lichess.org/UVOOlOst/black#98,,
0z3WJ,2R5/8/1k6/8/K7/8/8/5r2 b - - 21 82,f1b1 c8b8 b6c6 b8b1,697,83,98,2596,crushing endgame rookEndgame short skewer,https://lichess.org/OJNi7hB8/black#164,,
1f5jT,8/7R/p7/1k6/1p4P1/7K/r7/4N3 w - - 1 58,h3h4 a2h2 h4g3 h2h7,697,90,90,1259,crushing endgame master short skewer,https://lichess.org/oLIRYCjh#115,,
CpFOi,8/8/5kp1/6p1/6P1/P6r/1R3K2/8 w - - 0 53,b2a2 h3h2 f2e3 h2a2,698,84,99,1862,crushing endgame master rookEndgame short skewer,https://lichess.org/BsNg5chl#105,,
2V8UH,8/1r3k2/5P2/1P4KR/6P1/6P1/r3R3/8 b - - 0 49,a2e2 h5h7 f7e6 h7b7,698,99,96,1634,crushing endgame rookEndgame short skewer,https://lichess.org/GCUZa5k5/black#98,,
6qnop,3R4/5pp1/3pk2p/4r3/3K2P1/7P/5P2/8 b - - 7 45,e5e2 d8e8 e6d7 e8e2,698,96,95,1119,crushing endgame rookEndgame short skewer,https://lichess.org/hvU09oS4/black#90,,
9r2cD,8/2B5/8/7R/8/1K5p/6k1/7r w - - 2 59,b3c3 h1c1 c3b4 c1c7,699,90,95,2622,crushing endgame short skewer,https://lichess.org/3Eq3boRN#117,,
6U6JQ,8/2k3b1/1p1p3p/1PpPp1pP/2P2pP1/1KBP1P2/8/8 w - - 8 41,b3a4 e5e4 d3e4 g7c3,608,95,91,1433,bishopEndgame crushing discoveredAttack endgame master short,https://lichess.org/4rvGQBqN#81,,
CNCAb,r1q1r1k1/pp3ppp/3p4/5PbP/1PP1R3/P3p2P/R1Q1P1B1/6K1 b - - 0 27,c8f5 e4e8 a8e8 c2f5,611,96,90,1092,crushing discoveredAttack kingsideAttack middlegame short,https://lichess.org/Zg2L8AHe/black#54,,
Bb6HG,r2r2k1/1pp2ppp/2b5/p7/8/2PB1P2/2PR2PP/2KR4 b - - 1 19,a5a4 d3h7 g8h7 d2d8,617,107,94,1961,advantage discoveredAttack endgame short,https://lichess.org/bIhCg4eM/black#38,,
3dCfD,3r4/p4pbk/1p5p/2pBp1p1/2P1P3/5KP1/PP1R1P1P/8 b - - 0 25,h7g6 d5f7 g6f7 d2d8,628,110,91,1366,crushing discoveredAttack endgame short,https://lichess.org/u2aq2Qcn/black#50,,
4sU61,r1bq3k/ppp4p/2pb1n2/4Q3/4p3/2N5/PPPP1PPP/R1B2RK1 w - - 2 12,e5d4 d6h2 g1h2 d8d4,635,86,98,1137,crushing discoveredAttack kingsideAttack middlegame short,https://lichess.org/8XbsiPP9#23,Ruy_Lopez Ruy_Lopez_Schliemann_Defense,
52S6e,1k1r3r/Nppn1ppp/3b4/4n3/5B2/5B1P/PPP2PP1/R4RK1 w - - 1 15,a7b5 e5f3 g2f3 d6f4,636,102,90,1137,crushing discoveredAttack kingsideAttack middlegame short,https://lichess.org/Y7mPi0go#29,Scandinavian_Defense Scandinavian_Defense_Mieses-Kotroc_Variation,
9sw0i,2k2r2/ppp5/6qp/2pP2p1/P1P1rp2/7P/2Q2PPB/R4RK1 w - - 2 24,f1e1 e4e1 a1e1 g6c2,637,92,97,1591,crushing discoveredAttack middlegame short,https://lichess.org/STTonHaQ#47,,
644pq,r4rk1/ppqnbpp1/2p3p1/2P1n3/1P1N1B2/2N4P/P1Q2PP1/R3R1K1 w - - 2 19,d4f3 e5f3 g2f3 c7f4,641,97,94,2752,crushing discoveredAttack kingsideAttack middlegame short,https://lichess.org/zSAkNRHD#37,Caro-Kann_Defense Caro-Kann_Defense_Exchange_Variation,
4T9N7,3r2k1/p1pP1r1p/1p4p1/nQ1B1p2/8/P3P1PP/5P2/q1B2RK1 b - - 4 29,a1e5 d5f7 g8f7 b5e5,641,84,97,1860,crushing discoveredAttack kingsideAttack middlegame short,https://lichess.org/isOL8CQm/black#58,,
03aA1,rn2kb1r/ppp1qppp/4bn2/8/2PP4/8/PP2QPPP/RNB1KBNR b KQkq - 2 6,e6c4 e2e7 f8e7 f1c4,647,96,90,1420,crushing discoveredAttack master opening short,https://lichess.org/bpgIxOmu/black#12,Scandinavian_Defense Scandinavian_Defense_Icelandic-Palme_Gambit,
13tKX,r5k1/p1p1qpp1/6bp/3Bp3/4P3/4BP2/PP1R2PP/3R2K1 b - - 0 20,a8d8 d5f7 g6f7 d2d8,649,107,93,1031,advantage discoveredAttack kingsideAttack middlegame short,https://lichess.org/x9B0Uphj/black#40,,
36wuI,5rk1/ppp3p1/5r1p/4b3/8/P4P1P/1P2B1KP/R3R3 b - - 0 26,b7b6 e2c4 g8h8 e1e5,652,88,98,2064,crushing discoveredAttack endgame short,https://lichess.org/j7JAZnvT/black#52,,
AWfVa,5rk1/2r1ppbp/p5p1/1p1B4/5P2/BP2PK2/P5PP/3R4 b - - 1 26,c7d7 d5f7 g8f7 d1d7,654,84,97,1100,advantage discoveredAttack endgame kingsideAttack master short,https://lichess.org/dQrbcsIo/black#52,,
ACBAI,r3r1k1/p1p2ppp/3pb3/1p6/8/2PP1P2/P1P3PP/1K2RB1R w - - 0 17,a2a3 e6a2 b1a2 e8e1,656,113,92,2275,crushing discoveredAttack endgame short,https://lichess.org/OhP6Sak1#33,Russian_Game Russian_Game_Cozio_Attack,
25RsO,4kb1r/1p1b1ppp/p2p1nn1/3Pp3/PPq1P1P1/2R2P1P/3B4/3QK1NR b Kk - 1 20,c4b4 c3c8 d7c8 d2b4,657,102,94,1817,advantage discoveredAttack middlegame short,https://lichess.org/crmm6mOb/black#40,,
0X02H,3r2k1/5p1p/6p1/2QB4/7P/6P1/4qP1K/8 b - - 2 36,e2e5 d5f7 g8f7 c5e5,660,95,95,1471,advantage discoveredAttack endgame short,https://lichess.org/2PMWXTbV/black#72,,
2phW7,3r2k1/2n4p/p5pP/1p2p1P1/3pP3/1P3R2/1PP3Q1/1KN1q3 b - - 7 32,e1e4 f3f8 g8f8 g2e4,661,97,93,1156,crushing discoveredAttack endgame short,https://lichess.org/TGEWwK0y/black#64,,
CfxwY,1r4k1/1B2bp1p/6p1/pRp1p3/P1P5/8/5PPP/6K1 b - - 3 29,f7f5 b7d5 g8g7 b5b8,663,95,94,2760,crushing discoveredAttack endgame short,https://lichess.org/DIkkA5ye/black#58,,
B42jv,r6k/pp2Nr1p/6p1/2p5/2b3P1/2P4P/5P2/R3R1K1 b - - 3 25,a8e8 e7g6 h7g6 e1e8,667,96,95,1190,advantage discoveredAttack endgame short,https://lichess.org/Orj7bZPk/black#50,,
CTZWI,2kn3r/pppq3p/3b2p1/3n1p2/3P3P/2P2Q2/PP4PN/RN3RK1 w - - 0 18,f3d5 d6h2 g1h2 d7d5,670,87,96,2749,crushing discoveredAttack kingsideAttack middlegame short,https://lichess.org/ICBZVObL#35,Scandinavian_Defense Scandinavian_Defense_Modern_Variation,
8cm1P,r1b1r1k1/ppp2ppp/3p4/3Pn3/3B4/2P5/PP3PPP/RN2R1K1 w - - 3 15,f2f4 e5f3 g2f3 e8e1,670,102,94,1673,crushing discoveredAttack kingsideAttack middlegame short,https://lichess.org/lK69tq99#29,Ponziani_Opening Ponziani_Opening_Jaenisch_Counterattack,
6E2fL,2rr2k1/1p3pb1/p5pp/n1pBp2n/P3P3/1PN2PBP/2PR1P2/3R2K1 b - - 7 18,c8c7 d5f7 c7f7 d2d8,670,96,97,1243,crushing discoveredAttack kingsideAttack middlegame short,https://lichess.org/saTsu0Dm/black#36,Pirc_Defense Pirc_Defense_Classical_Variation,
7xHwE,7r/1p6/1N1p2kb/pb2p3/4P3/4B3/PP1K1PP1/R7 w - - 6 34,a1h1 h6e3 d2e3 h8h1,671,99,91,1267,crushing discoveredAttack endgame short,https://lichess.org/BbwwnF3l#67,,
65vhn,r2q1rk1/ppp2ppp/3p1b2/3PnP1b/3Q4/1B4NP/PPP3P1/R1B2RK1 w - - 0 16,g3h5 e5f3 f1f3 f6d4,672,99,95,1191,crushing discoveredAttack kingsideAttack opening short,https://lichess.org/vZe8d27T#31,Vienna_Game Vienna_Game_Stanley_Variation,
BjGcU,r4r1k/3n1pbp/p1qp2p1/3N4/pP1BnP2/2P5/6PP/RN1Q1RK1 b - - 7 21,c6d5 d4g7 h8g7 d1d5,673,103,93,1416,crushing discoveredAttack kingsideAttack middlegame short,https://lichess.org/Ysm82rsj/black#42,,
8BP6B,1k2r3/ppp2p1p/8/3P4/1PP1qP2/4B1P1/P3QK2/8 b - - 0 32,e8g8 e3a7 b8a7 e2e4,676,104,92,1520,crushing discoveredAttack endgame master short,https://lichess.org/6690MYyG/black#64,,
6opRY,2r5/p3kpp1/1pn1p2p/8/3N4/1P2P2P/P2RKPP1/8 w - - 3 28,d2c2 c6d4 e3d4 c8c2,677,92,95,1565,crushing discoveredAttack endgame master short,https://lichess.org/zqxXH5wm#55,,
71csd,5rk1/4pp1p/3p2p1/3P4/2Pb1P2/2RB1K2/Pr4PP/R7 w - - 1 26,c3c2 b2c2 d3c2 d4a1,677,102,90,1225,advantage discoveredAttack endgame short,https://lichess.org/iLc4NEdW#51,,
8OI7N,2rr1k2/1b3pp1/p3p2p/1pb1P3/2pN3P/4P3/PP3PP1/1BRR2K1 b - - 0 24,c8c7 d4e6 f7e6 d1d8,678,102,95,1663,advantage discoveredAttack middlegame short,https://lichess.org/kLHoZOD1/black#48,,
AcyNd,r3kb1r/pp4p1/2p1pnN1/6pb/3q4/3B1P2/PPP3PP/R2Q3K b kq - 1 15,h5g6 d3g6 e8d7 d1d4,679,91,90,1383,advantage discoveredAttack middlegame short,https://lichess.org/1mefnC8P/black#30,Caro-Kann_Defense Caro-Kann_Defense_Classical_Variation,
BJ39c,rn3rk1/pp3ppp/8/2bNq3/8/3B1P2/PPP2P1P/R2QR1K1 b - - 2 13,e5d5 d3h7 g8h7 d1d5,680,92,95,1316,crushing discoveredAttack kingsideAttack middlegame short,https://lichess.org/FzTxD2wB/black#26,French_Defense French_Defense_Winawer_Variation,
APKGN,3qr1k1/p4p1p/1p4p1/nP2p3/3bP3/B4N2/P4PPP/2QR2K1 w - - 0 19,c1h6 d4f2 g1f2 d8d1,682,101,95,2926,crushing discoveredAttack kingsideAttack middlegame short,https://lichess.org/kdUPaZd8#37,Grunfeld_Defense Grunfeld_Defense_Exchange_Variation,
3yMVP,4r2k/6p1/p4N1p/bp2B3/4R3/1b5P/1P3PP1/6K1 b - - 0 28,g7f6 e5f6 h8h7 e4e8,683,101,90,1175,crushing discoveredAttack endgame short,https://lichess.org/P8vcx1QM/black#56,,
4lnwn,r1b1r1k1/pp3ppp/3p4/8/3q4/3B1PK1/P1P3PP/R2Q3R b - - 4 17,g7g5 d3h7 g8h7 d1d4,683,98,93,1116,crushing discoveredAttack kingsideAttack middlegame short,https://lichess.org/LIqz3kUJ/black#34,Sicilian_Defense Sicilian_Defense_Lasker-Pelikan_Variation,
4ySka,2r2rk1/p4pp1/1p1pp2p/8/8/2P2P2/P1B2P1P/2R1R1K1 b - - 0 20,c8c3 c2h7 g8h7 c1c3,684,91,95,1612,crushing discoveredAttack endgame short,https://lichess.org/oC2hm4wl/black#40,,
2AnMB,2r3k1/1p2ppbp/6p1/2Br3n/2R5/1P3P2/P3NPKP/5R2 b - - 0 21,g8f8 c5e7 f8e7 c4c8,685,90,94,1189,advantage discoveredAttack master middlegame short,https://lichess.org/ZAWZVsom/black#42,,
1Kf77,6k1/2p2pp1/p1ppr2p/4n3/1P6/P1N3BP/5PP1/R5K1 w - - 1 27,a1e1 e5f3 g2f3 e6e1,685,104,91,1121,advantage discoveredAttack endgame short,https://lichess.org/1RtZzWBA#53,,
4guZu,2kr2nr/p1p3pp/2pb4/8/8/2P5/PP1N1PPP/R1BR2K1 w - - 2 15,d2c4 d6h2 g1h2 d8d1,686,103,95,1999,advantage discoveredAttack kingsideAttack middlegame short,https://lichess.org/iZqTfIYR#29,Ruy_Lopez Ruy_Lopez_Steinitz_Defense,
37tBa,R3n1k1/5b1p/p3r1p1/1p1pQ3/5PP1/7P/1P6/6K1 w - - 5 38,e5d5 e6e1 g1f2 f7d5,688,88,96,1060,crushing discoveredAttack endgame short,https://lichess.org/8A56ZEhu#75,,
A6tvI,8/kp1q1r2/p4P2/2p1B2p/4RK1P/2P5/1P6/8 b - - 2 55,d7e6 e5b8 a7b8 e4e6,689,87,96,2552,crushing discoveredAttack endgame master short,https://lichess.org/6Mc9McwS/black#110,,
0LlAD,r1b1r1k1/p1p2p1p/2p2p2/8/3q4/3B1P2/PPPb2PP/R2Q1R1K b - - 3 14,d2f4 d3h7 g8h7 d1d4,689,98,94,2167,crushing discoveredAttack kingsideAttack middlegame short,https://lichess.org/7zYBUUlJ/black#28,Four_Knights_Game Four_Knights_Game_Scotch_Variation_Accepted,
5NJ8i,5rk1/Bp1Nppbp/n1p3p1/8/4n3/8/PP2NPPP/3R2K1 b - - 2 17,f8d8 d7f6 g7f6 d1d8,690,85,97,1679,advantage discoveredAttack kingsideAttack middlegame short,https://lichess.org/CkJwEpsF/black#34,Pirc_Defense Pirc_Defense_Other_variations,
7mb0v,1n1q2k1/4rp1p/p2p2p1/3Bb3/1p6/8/1PP1QPPP/3RK2R w K - 3 21,e1g1 e5h2 g1h2 e7e2,692,86,96,2545,crushing discoveredAttack kingsideAttack middlegame short,https://lichess.org/4uBpW7yZ#41,,
5Dsll,6k1/pN2pp1p/n5p1/3r4/3b1B2/P7/1P3PPP/5RK1 w - - 0 21,f1d1 d4f2 g1f2 d5d1,694,96,95,1072,crushing discoveredAttack endgame master short,https://lichess.org/939Z57Az#41,,
2gwRT,4r3/4rp2/3pnkp1/p2B4/1pP2P2/1P4P1/P3R2K/4R3 w - - 1 41,h2g2 e6f4 g3f4 e7e2 e1e2 e8e2,695,95,94,1068,crushing discoveredAttack endgame long master masterVsMaster,https://lichess.org/nWKHmTHj#81,,
4c40E,r5k1/pp3ppp/1bpB2n1/5b2/B3N3/8/PP3PPP/4R1K1 b - - 2 20,a8e8 e4f6 g7f6 e1e8,697,99,91,1356,advantage discoveredAttack kingsideAttack middlegame short,https://lichess.org/j8uCMn61/black#40,,
8rD5g,r2qr1k1/ppp2ppp/2n5/8/3pNPPb/3P1Q1P/PPP5/R1BK3R b - - 4 16,d8d5 e4f6 h4f6 f3d5,701,117,91,2242,crushing discoveredAttack middlegame short,https://lichess.org/tdAYYQxZ/black#32,Alekhine_Defense Alekhine_Defense_Scandinavian_Variation,
3RcA8,r1b1r1k1/1pqn1pbp/p2p1Bp1/8/3PN3/1PP2N2/1P3PPP/R2QR1K1 b - - 2 16,d7f6 e4f6 g7f6 e1e8,701,89,99,1115,advantage discoveredAttack kingsideAttack opening short,https://lichess.org/ijoT1UXT/black#32,Alekhine_Defense Alekhine_Defense_Modern_Variation,
410D8,r5k1/1p1r1ppp/p3p1n1/8/PPNbP3/6BP/5PP1/3R1RK1 w - - 4 26,d1d3 d4f2 g3f2 d7d3,702,102,94,1616,advantage discoveredAttack kingsideAttack middlegame short,https://lichess.org/mXLBauTx#51,,
4MAuq,r3kn2/ppqb4/4p1p1/2b2pB1/3QpP2/2N1P3/PPP3PP/2KR3R w q - 1 18,d4c4 c5e3 c1b1 c7c4,704,105,98,3824,crushing discoveredAttack middlegame queensideAttack short,https://lichess.org/G4Wn3yeO#35,Queens_Pawn_Game Queens_Pawn_Game_Accelerated_London_System,
5Vux1,4r1k1/2q1r2p/1p4p1/p1ppb3/P6Q/2P2N1P/1P3PP1/4RRK1 w - - 0 27,f3g5 e5h2 g1h1 e7e1,705,81,96,1692,crushing discoveredAttack kingsideAttack middlegame short,https://lichess.org/YNHXiV3T#53,,
3hvDY,5r1k/pp3p2/7P/5r2/7B/2P5/P4PP1/1K5R b - - 1 31,f5h5 h4f6 h8h7 h1h5,705,96,92,1350,crushing discoveredAttack endgame master short,https://lichess.org/lqKzNJn8/black#62,,
6MHL4,r1b2rk1/pp3ppp/5n2/4q3/3P4/P1NB4/1P3PPP/R2Q1RK1 b - - 0 14,e5d4 d3h7 f6h7 d1d4,706,90,96,2611,crushing discoveredAttack kingsideAttack middlegame short,https://lichess.org/HDR9B074/black#28,Queens_Gambit_Declined Queens_Gambit_Declined_Normal_Defense,
CXQD7,r2q3r/2p2kp1/p2bR3/1p3Bpp/8/7P/PP3PP1/RN1Q2K1 w - - 1 19,d1d5 d6h2 g1h2 d8d5,707,94,93,1239,crushing discoveredAttack middlegame short,https://lichess.org/XvBc6OhU#37,Ruy_Lopez Ruy_Lopez_Steinitz_Defense,
CN44q,r2q2k1/pp4p1/7p/2p5/3b1Q2/2N5/PP3PPP/3R2K1 w - - 0 20,c3e2 d4f2 g1f2 d8d1,709,84,97,1872,crushing discoveredAttack endgame short,https://lichess.org/yX6GQi6X#39,,
2Kl1j,rn1q1rk1/ppp1bpp1/3p1n1p/8/1PPPN1b1/3Q1N2/P3BPPP/R1B2RK1 b - - 4 12,g4f5 e4f6 e7f6 d3f5,709,103,91,1863,crushing discoveredAttack kingsideAttack opening short,https://lichess.org/1ked6IWc/black#24,Russian_Game Russian_Game_Other_variations,
4VMKE,r1bq1rk1/ppp2ppp/3p1b2/4n3/2PnPP2/2N5/PP2B1PP/R1BQ1RK1 w - - 0 11,d1d4 e5f3 e2f3 f6d4,711,99,90,1077,crushing discoveredAttack kingsideAttack opening short,https://lichess.org/0uhqLEq5#21,Indian_Defense Indian_Defense_Budapest_Defense,
0QZhk,5rk1/p4p1p/1p4p1/8/1bB5/4P1P1/P2q1P1P/2R2QK1 b - - 5 22,f8c8 c4f7 g8f7 c1c8,712,100,94,1459,crushing discoveredAttack endgame short,https://lichess.org/TmV7EWAS/black#44,,
7bXrI,1r4k1/5p1p/4p1p1/4P3/1p1q2P1/7P/2R3P1/1Q3K2 b - - 1 33,d4e4 c2c8 b8c8 b1e4,713,103,94,2503,advantage discoveredAttack endgame short,https://lichess.org/T8lXeWQL/black#66,,
7FxsN,r5k1/ppp2rpp/3p4/3P4/4B3/2R3Pb/P4P1P/4R1K1 b - - 4 21,a8e8 e4h7 g8h7 e1e8,713,95,94,1007,crushing discoveredAttack endgame master short,https://lichess.org/5FuSHtl1/black#42,,
4Nxyc,r3kb1r/ppp2p1p/2n1p1p1/4P3/5q2/PPPPpB2/6PP/RNQ2RK1 b kq - 1 14,f8h6 f3c6 b7c6 f1f4,716,107,95,2105,advantage discoveredAttack middlegame short,https://lichess.org/tJLGA6ti/black#28,Scandinavian_Defense Scandinavian_Defense_Other_variations,
32BcS,3r2k1/p4pbp/1p4p1/3qP3/2Bp1PP1/3Q3P/2R4K/8 b - - 3 39,d5c5 c4f7 g8f7 c2c5,716,99,96,1184,crushing discoveredAttack endgame short,https://lichess.org/ifrzSmSl/black#78,,
38qb9,r1b2r2/p1q2pk1/2p1p1p1/3pn2P/7P/2N2P2/PPPQ4/2KR1B1R w - - 0 17,d2f4 e5d3 f1d3 c7f4,717,82,98,1263,advantage discoveredAttack middlegame short,https://lichess.org/nURv6rG7#33,Sicilian_Defense Sicilian_Defense_Dragon_Variation,
33Szi,2kr4/1p3ppp/p7/3np1b1/8/BP3P2/1PP1B1PP/1K1R4 w - - 4 21,e2c4 d5c3 b2c3 d8d1,719,95,95,1913,advantage discoveredAttack endgame queensideAttack short,https://lichess.org/4MKHlV88#41,,
1qHIc,r4q1k/pp2r1p1/1P1n3p/8/1P3p2/P4b1P/B2Q1PP1/R3R1K1 w - - 0 28,d2d6 e7e1 a1e1 f8d6,719,114,93,1784,crushing discoveredAttack middlegame short,https://lichess.org/JZk6Hcuh#55,,
2CPVq,4r3/2pb2bk/1p1p2pp/pP2r3/P1P1B3/4RP1P/3N1KP1/4R3 b - - 2 34,e5e7 e4g6 h7g6 e3e7,719,104,94,1261,crushing discoveredAttack middlegame short,https://lichess.org/uHIgG0WB/black#68,,
5cuxe,3r2k1/6pp/5p2/8/2PbP3/3R3P/P1P2PP1/6K1 w - - 0 32,c2c3 d4f2 g1f2 d8d3,719,109,95,1179,crushing discoveredAttack endgame short,https://lichess.org/AvLAN4oi#63,,
3S32W,r2q1rk1/p1p2ppp/3b4/3Q4/4p3/3P3P/PP3PP1/RNB1R1K1 w - - 0 14,e1e4 d6h2 g1h2 d8d5,722,100,95,1988,advantage discoveredAttack middlegame short,https://lichess.org/kAKSZkZm#27,Ruy_Lopez Ruy_Lopez_Steinitz_Defense,
0FyKe,r1bq4/p2n2k1/1ppNprpp/8/3P4/P3P3/1PB2QPP/R4RK1 w - - 0 24,f2h4 f6f1 a1f1 d8h4,723,84,97,3504,crushing discoveredAttack kingsideAttack middlegame short,https://lichess.org/DW0HNXnW#47,,
0uTUT,r2r4/2p1bkpp/ppp2p2/8/2b1P3/P2NB3/1PP2PPP/R2R2K1 b - - 3 18,d8d7 d3e5 f6e5 d1d7,723,91,92,2247,crushing discoveredAttack middlegame short,https://lichess.org/qQr9N3iM/black#36,Ruy_Lopez Ruy_Lopez_Cozio_Defense,
1nyhx,1rr3k1/5pp1/4p2p/1Bb1P3/P4P2/1P3NK1/6PP/7R w - - 0 30,h1c1 c5f2 g3f2 c8c1,724,102,98,2390,advantage discoveredAttack endgame short,https://lichess.org/CtZOUw45#59,,
6XKh0,6k1/5p1p/4p1p1/1q1p4/1PrP4/1Q4P1/5P1P/1R4K1 w - - 1 29,b3d3 c4c1 b1c1 b5d3,724,95,94,2000,crushing discoveredAttack endgame short,https://lichess.org/zJi5npdi#57,,
AQLZA,7k/5r2/3p4/3P3p/1p5P/1P1RB1PK/2r5/8 b - - 1 50,f7f3 e3d4 h8g8 d3f3,724,82,98,1735,crushing discoveredAttack endgame master short,https://lichess.org/e4V7kaqT/black#100,,
2IAd3,r2r2k1/pb3ppp/1p2p3/8/3b1P2/2N5/PP2BPPP/2RR2K1 w - - 0 16,d1d2 d4f2 g1f2 d8d2,726,84,96,1529,crushing discoveredAttack kingsideAttack middlegame short,https://lichess.org/qGnL6gL6#31,Queens_Gambit_Declined Queens_Gambit_Declined_Harrwitz_Attack,
7OkGf,r1bq1rk1/1p2bpp1/p3p2B/4P3/6n1/2NB4/PPQ2PPP/2KR3R b - - 0 14,g4h6 d3h7 g8h8 d1d8,726,99,97,1327,advantage discoveredAttack middlegame short,https://lichess.org/BGM6hOmb/black#28,Sicilian_Defense Sicilian_Defense_Delayed_Alapin,
ALmTI,4r1k1/pp4pp/5pn1/2N5/4N3/6P1/Pn3P1P/4R1K1 b - - 2 25,b7b6 e4f6 g7f6 e1e8,730,91,94,2161,advantage discoveredAttack endgame short,https://lichess.org/Mrl7OJWB/black#50,,
4n5kH,r1bqkb1r/pp3ppp/4p3/2npP3/1n4Q1/2NB1N2/PPP2PPP/R1B1K2R w KQkq - 5 10,g4b4 c5d3 c2d3 f8b4,730,105,94,1173,crushing discoveredAttack opening short,https://lichess.org/WXY6lmc5#19,French_Defense French_Defense_Steinitz_Variation,
0c9BF,8/4ppkp/2r3p1/p7/2n5/5P1P/P4PK1/2RR4 w - - 0 30,d1d4 c4e3 f2e3 c6c1,731,85,99,1973,advantage discoveredAttack endgame short,https://lichess.org/ZTlPxicD#59,,
2i5z4,4r3/pp3k2/2pprP2/4npB1/8/4R3/PPP2PPP/4R1K1 w - - 7 23,f2f4 e5f3 g2f3 e6e3 e1e3 e8e3,731,82,97,1496,advantage discoveredAttack endgame kingsideAttack long,https://lichess.org/VlAKRsKF#45,,
4DSKD,rnb1kb1r/4pp1p/p5p1/1pp1q3/8/8/PPPPBPPP/R1BQR1K1 b kq - 1 12,c8b7 e2b5 a6b5 e1e5,732,85,98,3464,crushing discoveredAttack opening short,https://lichess.org/yiUllKDi/black#24,Sicilian_Defense Sicilian_Defense_Bowdler_Attack,
8N2ea,r3r1k1/pR3p2/3p1bp1/4n1Bp/7P/5B2/P1P2PP1/4R1K1 w - - 0 20,g5f6 e5f3 g2f3 e8e1,732,94,94,1007,advantage discoveredAttack master masterVsMaster middlegame short,https://lichess.org/j8lRUaL8#39,,
6aB4V,2kr3r/p1p2pp1/b1p4p/8/2P4P/1KQB4/P4qP1/R6R b - - 1 21,f2g3 d3f5 c8b8 c3g3,733,90,95,2150,crushing discoveredAttack master middlegame short,https://lichess.org/lQd5tfKb/black#42,,
2Jbut,4r1k1/5p1p/ppPp2p1/4b1N1/4R3/7P/PP3PP1/6K1 w - - 1 24,g5f3 e5h2 g1f1 e8e4,734,97,94,2705,advantage discoveredAttack endgame short,https://lichess.org/PAq7wCmm#47,,
ABtXg,r2qk1nr/2p3pp/pppb1p2/7b/2PQP3/2N2N1P/PP3PP1/R1B2RK1 w kq - 0 11,f3h2 d6h2 g1h2 d8d4,734,93,95,2148,crushing discoveredAttack kingsideAttack middlegame short,https://lichess.org/GqwoFiRU#21,Ruy_Lopez Ruy_Lopez_Exchange_Variation,
30ytE,r5k1/5ppp/4q3/4n1Bn/P4P2/1PbBP2P/2P3P1/2KR3R b - - 0 19,e6d6 d3h7 g8h7 d1d6,735,94,92,2569,advantage discoveredAttack kingsideAttack middlegame short,https://lichess.org/0WxTjXUW/black#38,Englund_Gambit_Complex Englund_Gambit_Complex_Hartlaub-Charlick_Gambit,
93Bb0,3r2k1/p4ppp/1pqp1n2/8/3Br3/2P2QPP/PP3P2/R3R1K1 w - - 0 21,d4f6 e4e1 a1e1 c6f3,735,97,96,1971,advantage discoveredAttack kingsideAttack middlegame short,https://lichess.org/HJjRWTMl#41,,
6boGQ,8/1p3p1k/b5p1/7p/1r5P/pP1B1PP1/P2R2K1/8 b - - 0 48,b4d4 d3g6 h7g6 d2d4,739,93,97,1347,crushing discoveredAttack endgame master short,https://lichess.org/EmgubEin/black#96,,
7AEb8,3rkb1r/1p3ppp/p7/2p1p3/4P2q/8/PPP1B1PP/R3QK1R b k - 4 15,h4e4 e2b5 a6b5 e1e4,741,86,97,3231,crushing discoveredAttack middlegame short,https://lichess.org/TgAdB1ES/black#30,Four_Knights_Game Four_Knights_Game_Italian_Variation,
3IEMH,2rk4/1p4pp/1Pn1pn2/1B1p1p2/pB1P4/P3PP2/4K1PP/2R5 w - - 3 25,b4d6 c6d4 e3d4 c8c1,742,91,95,1231,crushing discoveredAttack endgame short,https://lichess.org/gpMD127p#49,,
67DaS,r1bqk2r/2p1n1pp/pp1b1p2/2p5/2PQP3/2N2N2/PP3PPP/R1B1R1K1 w kq - 0 11,d4d3 d6h2 f3h2 d8d3,743,98,95,3769,crushing discoveredAttack kingsideAttack opening short,https://lichess.org/PxEKW5e2#21,Ruy_Lopez Ruy_Lopez_Exchange_Variation,
4r7iA,4Rb1r/2k2p1p/p4p2/1p6/2p5/1BP2N2/PP4PP/6K1 w - - 0 26,b3c2 f8c5 g1f1 h8e8,743,100,96,1144,advantage discoveredAttack endgame master short,https://lichess.org/v1tz8Sef#51,,
4EC8S,rnb2rk1/pp2qpp1/4p2p/2npP3/6Q1/2NB1N2/PPP2PPP/R3K2R w KQ - 0 11,g4b4 c5d3 c2d3 e7b4,745,92,92,1749,crushing discoveredAttack middlegame short,https://lichess.org/ZE2FF2KS#21,French_Defense French_Defense_Classical_Variation,
CDayv,r4b1r/p3kppp/3qp3/1Bn5/1Q6/2N2P2/PP1P1P1P/R1B1K2R w KQ - 1 14,d2d4 c5d3 b5d3 d6b4,746,98,96,1368,advantage discoveredAttack middlegame short,https://lichess.org/uSOa4IzN#27,Caro-Kann_Defense Caro-Kann_Defense_Other_variations,
6CgS1,4r1k1/ppp3p1/3p1p1p/8/8/N1PP3P/PP2nPP1/5R1K w - - 0 22,f1e1 e2g3 h1h2 e8e1,747,110,94,1574,crushing discoveredAttack endgame kingsideAttack short,https://lichess.org/rldo7mJk#43,,
0fGq2,r1b2rk1/pp3pp1/4p2p/2qpP3/3P1P2/3B4/P1PQK1PP/R6R b - - 0 15,c5d4 d3h7 g8h7 d2d4,747,86,96,1471,crushing discoveredAttack master middlegame short,https://lichess.org/7zK9gBqI/black#30,French_Defense French_Defense_MacCutcheon_Variation,
1ErIX,8/5p1k/2p3pp/1pP1P3/1Pb5/K5P1/1QB2P2/2q5 b - - 11 43,c1d2 c2g6 h7g6 b2d2,748,97,97,2579,crushing discoveredAttack endgame short,https://lichess.org/YDjyBQkp/black#86,,
2Kyx8,1k5r/1p3p1p/p2p2q1/2pn4/4R3/2PQ1pP1/PPK2B1P/8 b - - 1 28,g6f5 e4e8 h8e8 d3f5,748,87,97,1319,advantage discoveredAttack endgame short,https://lichess.org/z8XfB9SL/black#56,,
46hBx,2k5/7p/2r5/2b5/p3N3/8/3P1PPP/5RK1 w - - 0 35,f1c1 c5f2 g1f2 c6c1,749,100,92,2063,crushing discoveredAttack endgame short,https://lichess.org/cx49sLHZ#69,,
9rSHQ,r3k2r/1p2ppbp/p1bp2p1/8/P4B2/1N3Bq1/2P5/R2Q1R1K b kq - 5 22,g3f4 f3c6 b7c6 f1f4,749,99,94,1606,advantage discoveredAttack middlegame short,https://lichess.org/Dj9OYbtn/black#44,,
17sx5,r1b2rk1/p4ppp/p7/2bPp3/1RP1P1n1/2NQ1N2/6PP/R6K w - - 3 19,b4b1 g4f2 h1g1 f2d3,749,87,91,1105,crushing discoveredAttack discoveredCheck fork middlegame short,https://lichess.org/k10tLo1d#37,Sicilian_Defense Sicilian_Defense_Smith-Morra_Gambit,
4SWJD,8/2q5/6k1/4Kp2/3Q4/7P/PP6/8 w - - 8 62,d4d6 c7d6 e5d6 f5f4,605,99,90,1913,crushing defensiveMove endgame queenEndgame short,https://lichess.org/UQ18MaJN#123,,
7sIq3,8/8/2p1q2k/pp2Pr2/2nQ3p/2P3B1/P5PK/4R3 w - - 0 37,d4h4 f5h5 h4h5 h6h5,645,104,94,1189,advantage defensiveMove endgame pin short,https://lichess.org/BtJBGQxy#73,,
ChWsl,4q3/2K2k2/5p2/3R1P2/8/8/PP6/8 b - - 1 56,e8e7 d5d7 f7f8 d7e7,669,106,90,1152,crushing defensiveMove endgame master pin queenRookEndgame short,https://lichess.org/06o8XEQv/black#112,,
1LBAk,6k1/6pp/8/3p2q1/8/P2Q4/8/1K6 b - - 0 35,g5g6 d3g6 h7g6 a3a4,670,95,95,1262,crushing defensiveMove endgame queenEndgame short,https://lichess.org/4xTlsX5A/black#70,,
9T59M,8/8/p7/5k1p/1PN1pprP/PB1p4/3K1P2/8 w - - 5 52,c4d6 f5e5 d6e4 e5e4,674,92,93,1128,crushing defensiveMove endgame short,https://lichess.org/MBtAhL8c#103,,
9KWdP,8/1pp3k1/p2p4/4p2B/4PnPP/3P2K1/PP6/8 b - - 0 29,f4h5 g4h5 g7h6 g3g4,680,108,94,1306,crushing defensiveMove endgame short,https://lichess.org/5e6qj90o/black#58,,
94HHV,8/5pk1/1P4pp/2q5/6P1/1Q6/1K6/8 b - - 4 50,c5d4 b3c3 d4c3 b2c3,719,101,92,1285,crushing defensiveMove endgame pin queenEndgame short,https://lichess.org/n2oUU63K/black#100,,
CrrMU,8/8/1kp1p2p/5p2/2PK1P2/8/7P/8 b - - 1 39,c6c5 d4e5 b6c7 e5e6,724,101,90,1098,crushing defensiveMove endgame pawnEndgame short,https://lichess.org/kq64EaPp/black#78,,
1j1GN,3r4/7p/8/5P2/2k2K2/2p4P/P1Q4P/8 w - - 3 43,c2e4 d8d4 f4f3 d4e4 f3e4 c3c2,730,83,98,1048,advancedPawn crushing defensiveMove endgame long master pin queenRookEndgame,https://lichess.org/0ibXgOql#85,,
ADbvU,8/8/1p2p1RP/p2kP1K1/2p2P2/8/Pr6/8 b - - 0 45,b2g2 g5f6 g2g6 f6g6,769,84,96,1286,crushing defensiveMove endgame rookEndgame short,https://lichess.org/91J6Iate/black#90,,
6Tsp1,8/1r2R2k/5K2/7p/6pP/6P1/8/8 b - - 1 56,b7e7 f6e7 h7g6 e7e6,777,107,92,1021,crushing defensiveMove endgame master short,https://lichess.org/CcVbAuxy/black#112,,
40lu6,8/p6k/1p2PP1p/8/3p2P1/8/q4QK1/8 b - - 2 40,a2d5 f2f3 d5f3 g2f3,816,108,93,1351,crushing defensiveMove endgame queenEndgame short,https://lichess.org/aHhd1rvB/black#80,,
82ogP,8/8/3p4/6pp/PKB5/8/5pkP/8 b - - 1 63,f2f1q c4f1 g2f1 a4a5,832,104,94,1269,crushing defensiveMove endgame short,https://lichess.org/1UJGjx1E/black#126,,
6BtMJ,8/5p1k/6p1/1Nb2p1p/P1p2P1P/1p4P1/1q3PK1/4Q3 b - - 1 32,b2f2 e1f2 c5f2 g2f2 b3b2 b5c3,837,100,91,1372,crushing defensiveMove endgame long,https://lichess.org/JpAyoJQJ/black#64,,
CsvJc,8/8/2k5/2pp1p1p/2PP1P1P/4K3/8/8 w - - 0 49,c4d5 c6d5 d4c5 d5c5 e3d3 c5d5,848,102,95,1766,crushing defensiveMove endgame long pawnEndgame zugzwang,https://lichess.org/dSfnVUs6#97,,
2oVRd,4r2k/6p1/2Q4p/p3pP2/4R1P1/qP5P/8/5K2 b - - 0 41,a3a1 e4e1 a1e1 f1e1,851,98,95,1942,crushing defensiveMove endgame short,https://lichess.org/VNl9pl3g/black#82,,
4pUkN,8/8/8/p1p2kb1/P1P5/6KN/8/8 w - - 0 49,h3g5 f5g5 g3f3 g5f5 f3e3 f5e5,855,90,92,1110,crushing defensiveMove endgame long zugzwang,https://lichess.org/0P8DTdPT#97,,
0LGVv,2k5/ppp5/2p3P1/5r1p/1P3p2/8/P4R2/6K1 b - - 0 33,f5g5 f2g2 g5g6 g2g6,858,87,99,1426,crushing defensiveMove endgame rookEndgame short,https://lichess.org/kyCdt709/black#66,,
CB2lZ,8/8/8/8/1R4p1/4ppk1/PP6/5K2 w - - 2 40,b4b3 e3e2 f1e1 g3g2,863,93,95,1829,advancedPawn crushing defensiveMove endgame master rookEndgame short,https://lichess.org/RP7OHeGJ#79,,
5OkWM,8/6p1/8/1p3kr1/5p2/P4R2/8/5N1K w - - 3 49,f1e3 f5e4 f3f4 e4f4,864,106,96,1096,crushing defensiveMove endgame short,https://lichess.org/Gv5F9nnj#97,,
25bMR,6k1/p3qn1p/1p6/2pQpp2/8/2P3BP/PP4P1/6K1 w - - 0 30,g3e5 e7e5 d5a8 g8g7,869,90,94,2366,crushing defensiveMove endgame master short,https://lichess.org/R3RNIL6r#59,,
9ClQx,8/5ppp/2q5/8/3P3Q/3K2P1/6k1/8 b - - 10 46,c6g6 h4e4 g6e4 d3e4 g2g3 d4d5,872,98,93,1014,crushing defensiveMove endgame long queenEndgame,https://lichess.org/UXt0GkCe/black#92,,
3zJum,6k1/2Q5/p1p1r3/P4p1q/3P1B2/6Pp/2R4P/6K1 w - - 2 39,c7c8 e6e8 c8e8 h5e8,886,88,94,2302,advantage defensiveMove endgame short,https://lichess.org/hVqE3lWJ#77,,
BZBV6,6r1/pk1b4/1p6/3pB1r1/6P1/P1pQ3B/2P2q2/R3R2K w - - 11 32,d3d5 d7c6 d5c6 b7c6,887,97,97,1483,crushing defensiveMove middlegame pin short,https://lichess.org/mUhurFrY#63,,
9E9ob,8/8/3kr2R/1Kpp4/8/1p6/1P6/8 w - - 2 65,h6e6 d6e6 b5c5 e6e5,888,88,94,1236,crushing defensiveMove endgame short,https://lichess.org/mPBH8M50#129,,
4N3Z9,8/8/5pk1/p2p4/P2P1K2/2P5/8/8 w - - 5 53,f4g4 f6f5 g4f4 g6f6,889,95,94,2091,crushing defensiveMove endgame pawnEndgame short zugzwang,https://lichess.org/4gVBhLY4#105,,
1WPqw,5k2/2PR4/8/3P1p2/6pp/2r5/6K1/8 b - - 0 51,c3c2 g2f1 c2c1 f1e2,892,79,99,3043,crushing defensiveMove endgame master rookEndgame short,https://lichess.org/rMXCW3Wt/black#102,,
B75BM,r4r2/1bp1p1k1/pp3pp1/4Q3/1P6/P1N1P2q/2PP1P2/R3K1R1 w Q - 0 22,e5e7 f8f7 e7f7 g7f7,895,98,93,1420,crushing defensiveMove middlegame short trappedPiece,https://lichess.org/aVxshqTc#43,,
9wvBA,8/5p2/4k3/6KP/8/8/8/8 b - - 0 58,f7f6 g5g6 f6f5 h5h6,899,96,93,1284,crushing defensiveMove endgame master pawnEndgame short,https://lichess.org/Ettjb8CN/black#116,,
86Vch,8/8/4p1p1/k2pP3/pp1K4/2P5/8/2B5 w - - 0 45,c3b4 a5b4 c1d2 b4b3,904,90,96,1611,bishopEndgame crushing defensiveMove endgame short,https://lichess.org/1wDrRkcs#89,,
1vg2d,8/ppp1r3/5k2/6p1/PPP1R3/2P2K2/8/8 w - - 3 43,e4e7 f6e7 f3g4 e7f6,905,96,94,2354,advantage defensiveMove endgame short,https://lichess.org/LNv1MBiv#85,,
8X09W,8/2bk1p2/6p1/p1Bp4/Pp1p1PKP/1P1P4/8/8 b - - 2 65,f7f5 g4g5 d7e6 g5g6,906,92,95,1941,bishopEndgame crushing defensiveMove endgame master short,https://lichess.org/q63pLkyd/black#130,,
1mGQO,8/pK2p3/P7/3Pkp2/7p/7P/6P1/8 b - - 3 39,e5d5 b7a7 d5c6 a7b8,906,103,93,1152,crushing defensiveMove endgame master masterVsMaster pawnEndgame short,https://lichess.org/XvoEn2jU/black#78,,
7WgzA,1r6/4qppk/p2r1b1p/Pp1Bp2R/4P1Q1/8/1PP3PP/5R1K w - - 4 26,g4f5 g7g6 f5f2 g6h5,907,98,94,2061,advantage defensiveMove fork middlegame short,https://lichess.org/ONEKOvjp#51,,
5cssU,4r3/5kp1/6pp/2R5/2p5/2P1p1P1/PP4P1/6K1 w - - 0 35,c5c4 e3e2 c4f4 f7g8,907,92,90,1270,advancedPawn crushing defensiveMove endgame rookEndgame short,https://lichess.org/07HpkFEm#69,,
2qdZi,8/8/4k2p/2p3p1/P1NpPpP1/1P1n1K1P/8/8 b - - 1 47,d3e5 c4e5 e6e5 a4a5,907,77,97,1116,crushing defensiveMove endgame knightEndgame short,https://lichess.org/W6n0Jz7j/black#94,,
6wRoZ,8/8/6p1/5bPp/1pK4P/1B6/1kP5/8 b - - 3 50,f5c2 b3c2 b2c2 c4b4 c2d3 b4c5,908,78,99,1547,bishopEndgame crushing defensiveMove endgame long,https://lichess.org/r3vkrAHG/black#100,,
9kt0r,8/6k1/6pp/8/p3p3/P4PP1/6KP/8 b - - 0 34,g7f6 f3e4 f6e5 g2f3,910,80,99,1376,crushing defensiveMove endgame pawnEndgame short,https://lichess.org/5XY9G0Cd/black#68,,
1UXa7,8/4n3/2k1N1p1/4K3/ppP3P1/8/P7/8 w - - 0 39,e6d4 c6c5 d4e6 c5c4,911,94,94,1378,crushing defensiveMove endgame knightEndgame short,https://lichess.org/lLhNRhbq#77,,
5TcD3,2k5/2p5/6p1/ppN1Rp2/q4P2/B4P2/1P3K2/8 b - - 1 40,a4c2 e5e2 c2e2 f2e2,913,97,90,1640,crushing defensiveMove endgame short,https://lichess.org/EGg9n6yr/black#80,,
1aTOV,8/8/8/kp4R1/8/P4KpP/r7/8 w - - 0 45,g5g3 a2a3 f3f4 a3g3 f4g3 b5b4,916,96,94,1197,crushing defensiveMove endgame long rookEndgame,https://lichess.org/rJs4q06R#89,,
5KAdZ,8/6p1/4KP2/4P1k1/8/8/8/6r1 b - - 0 53,g7g6 f6f7 g1f1 e6e7,918,95,95,2729,advancedPawn crushing defensiveMove endgame rookEndgame short,https://lichess.org/sVR3A1iX/black#106,,
5GSWK,8/B7/8/2b1p2p/2k1p1pP/6P1/4KP2/8 w - - 60 72,a7c5 c4c5 e2e3 c5d5,918,80,97,1184,crushing defensiveMove endgame short zugzwang,https://lichess.org/bOVENuEd#143,,
B6H2c,8/8/7p/2p5/4k1p1/2K3P1/8/5B2 w - - 0 53,f1g2 e4e3 c3c4 e3f2 g2c6 f2g3,919,94,95,2588,bishopEndgame crushing defensiveMove endgame long,https://lichess.org/yyokvLvE#105,,
CM3BA,r3k2r/3pbp2/p1b1pn2/1p3qp1/3B4/PBN5/1PP3PP/R2Q1R1K b kq - 7 20,h8h2 h1h2 f5h7 h2g1,919,93,94,1324,advantage defensiveMove hangingPiece middlegame short,https://lichess.org/ZF8lM7ay/black#40,,
6x1yT,8/6p1/1K3kP1/8/P2n4/3Bp3/8/8 b - - 3 55,e3e2 d3e2 d4e2 a4a5,920,80,100,1806,crushing defensiveMove endgame master sacrifice short,https://lichess.org/bpCNE5iw/black#110,,
4ZlXA,5K2/7p/5k1P/8/8/8/8/8 w - - 3 77,f8g8 f6g6 g8h8 g6h6 h8g8 h6g6,920,108,96,1292,crushing defensiveMove endgame long pawnEndgame,https://lichess.org/8ajO53EF#153,,
3QL5I,6R1/8/8/4pn2/6p1/3k2P1/6K1/8 w - - 4 75,g8g4 f5e3 g2f3 e3g4 f3g4 e5e4,921,85,97,3243,crushing defensiveMove endgame fork long master,https://lichess.org/2oYDrZw0#149,,
AAD4B,R7/5ppk/7p/4p3/1P2P3/P4PP1/7P/3rnK2 b - - 0 36,e1f3 f1e2 d1b1 e2f3,922,92,95,1171,advantage defensiveMove endgame master short,https://lichess.org/db7KoZ5U/black#72,,
6Yf13,6k1/p6p/2p1pQp1/P1bpP1r1/8/1P5P/1Bq3PK/R7 w - - 2 36,f6e6 g8g7 e6f6 g7h6 f6g5 h6g5,923,80,95,1745,crushing defensiveMove endgame long,https://lichess.org/TSmZf6NC#71,,
8xFbr,8/bP2k3/1N5p/6p1/6P1/7K/8/8 b - - 2 46,e7d6 b6c8 d6c7 c8a7 c7b7 a7b5,925,78,99,1291,crushing defensiveMove endgame fork long,https://lichess.org/RMuW6nTe/black#92,,
5jDWO,8/8/4p1P1/4k2K/5p2/8/8/8 b - - 0 57,e5f6 h5h6 f4f3 g6g7 f6f7 h6h7,926,83,97,2913,advancedPawn crushing defensiveMove endgame long pawnEndgame,https://lichess.org/VN0Lx9AV/black#114,,
4Y2mb,8/8/8/1p4K1/1P4P1/k7/7P/2n5 b - - 0 42,c1e2 h2h4 a3b4 h4h5,926,78,98,1046,crushing defensiveMove endgame knightEndgame quietMove short,https://lichess.org/7u4loyrk/black#84,,
7v9Zv,2n1B3/7p/4k1p1/P3p3/1p2K2P/1P4P1/2P5/8 w - - 1 43,a5a6 c8d6 e4d3 d6e8 a6a7 e8c7,927,88,95,1314,crushing defensiveMove endgame fork long,https://lichess.org/VhFcD3gv#85,,
0gtQf,8/8/8/8/6kp/4K3/5P2/8 w - - 0 74,f2f3 g4g3 f3f4 h4h3 f4f5 h3h2,927,80,100,1109,advancedPawn crushing defensiveMove endgame long pawnEndgame,https://lichess.org/axCLJc5v#147,,
BF4Pu,8/p6p/5p2/2pk2p1/4p1P1/1PP1K1P1/P5P1/8 w - - 0 33,c3c4 d5e5 b3b4 c5b4,928,100,94,1004,crushing defensiveMove endgame pawnEndgame short,https://lichess.org/kE2guBFS#65,,
A4GxV,8/R3nk2/5p2/P3p2r/4P1b1/8/5K2/R7 b - - 0 49,h5h2 f2g3 h2c2 g3g4,929,97,94,1929,crushing defensiveMove endgame short,https://lichess.org/BZ7bEj9U/black#98,,
D6Cn8,8/8/8/8/5kpK/8/6P1/8 w - - 8 52,g2g3 f4f3 h4h5 f3g3,929,91,95,1172,crushing defensiveMove endgame pawnEndgame short zugzwang,https://lichess.org/hCwKUJp6#103,,
B2TdK,6k1/1b6/p2r3p/1p2R1p1/1P6/P2n3P/5PP1/2R3K1 w - - 0 28,e5e8 g8f7 c1c7 f7e8,930,94,95,2480,advantage defensiveMove endgame short,https://lichess.org/UmkAisDZ#55,,
8X5S7,2kr3r/1pp2Rpp/p7/3P4/8/4Q3/PPq2RPP/7K b - - 1 25,c2b1 f2f1 b1f1 f7f1,930,78,100,1013,crushing defensiveMove endgame short,https://lichess.org/OGEvC9IY/black#50,,
4HP7x,8/R2R1pk1/2p3p1/4p2p/P7/6P1/1P3q2/7K b - - 0 36,e5e4 d7f7 f2f7 a7f7 g7f7 a4a5,931,81,97,1545,crushing defensiveMove endgame fork long queenRookEndgame,https://lichess.org/cugA93lP/black#72,,
A42Ks,8/8/1k6/1pp2p1p/1PP2P1P/2K5/8/8 w - - 1 38,c4b5 b6b5 b4c5 b5c5 c3d3 c5d5,932,79,100,1153,crushing defensiveMove endgame long pawnEndgame zugzwang,https://lichess.org/QuyBL0Ex#75,,
Dc38I,2k3r1/pp2RP2/2p3r1/3pP2p/q2P4/2P4N/PP3R1K/8 b - - 0 40,g6g2 f2g2 g8g2 h2g2 a4c2 h3f2,936,77,98,1829,crushing defensiveMove endgame long,https://lichess.org/pgtJF0zn/black#80,,
0842V,8/8/8/1p5k/1P2K3/1P2bp2/8/8 w - - 0 63,e4e3 h5g4 e3f2 g4f4,936,76,100,1139,crushing defensiveMove endgame master pawnEndgame short,https://lichess.org/z2wfObzk#125,,
BMvaJ,8/p5k1/2p2q1p/4rp2/1P1Q4/P4P2/6PP/R5K1 w - - 1 33,d4a7 e5e7 a7e7 f6e7,938,86,93,1413,advantage defensiveMove endgame master short,https://lichess.org/YAwpBsAi#65,,
9mdjg,8/1p6/p1p1k3/P4pp1/1PpP2P1/2P1KP2/8/8 b - - 0 31,f5f4 e3e4 e6f6 d4d5 c6d5 e4d5,939,96,92,1035,crushing defensiveMove endgame long pawnEndgame zugzwang,https://lichess.org/Y4IcEfLj/black#62,,
0jYpY,8/8/8/8/Kpk5/8/1P6/8 w - - 3 54,b2b3 c4c3 a4b5 c3b3,941,86,96,1323,crushing defensiveMove endgame pawnEndgame short zugzwang,https://lichess.org/0LTidFU2#107,,
3oqBn,7R/4kp2/4b1p1/1r1pQ3/1p1P1PP1/1P6/KNq5/R7 w - - 2 37,e5g5 f7f6 h8a8 f6g5,941,87,92,1208,crushing defensiveMove middlegame short,https://lichess.org/2Y4efF0P#73,,
6WScf,8/3k4/p6p/P1PK2pP/8/8/8/8 w - - 2 53,c5c6 d7c7 d5c5 g5g4,943,84,95,1927,crushing defensiveMove endgame pawnEndgame short zugzwang,https://lichess.org/syEFmCWq#105,,
4067n,8/8/1R4pk/P7/1r4P1/2b2K2/8/8 w - - 0 51,b6b4 c3b4 a5a6 b4c5,943,93,95,1044,crushing defensiveMove endgame short,https://lichess.org/9XbmJCLg#101,,
B0TsH,3r1k2/p3n3/1p2Rp1p/5Bp1/3p4/P2P1P1P/1PP2P2/6K1 w - - 3 30,e6f6 f8g7 f6e6 e7f5,944,79,98,2421,advantage defensiveMove endgame short,https://lichess.org/XusMutJO#59,,
A7jkf,8/8/3R1Pk1/4K2p/P7/8/3r4/8 b - - 5 50,d2d6 e5d6 g6f6 a4a5,944,81,96,1406,crushing defensiveMove endgame master short,https://lichess.org/JQQmNtha/black#100,,
ACHl4,8/8/8/8/3kp1K1/5P2/8/8 w - - 0 70,f3f4 e4e3 g4f3 d4d3,944,85,95,1185,crushing defensiveMove endgame master pawnEndgame short,https://lichess.org/Jw7JSICH#139,,
0DWW4,8/1p6/2r2p2/7R/3k3P/6K1/6P1/8 b - - 0 50,c6c5 h5c5 d4c5 h4h5,944,87,98,1073,crushing defensiveMove endgame rookEndgame short,https://lichess.org/FHBSoDod/black#100,,
CLCZs,8/5pk1/2Q2bn1/8/1P4K1/8/8/8 w - - 2 43,b4b5 g6e5 g4f5 e5c6 b5c6 f6d8,945,79,95,1343,crushing defensiveMove endgame fork long,https://lichess.org/PO009Zt0#85,,
1F3Uf,2rk4/1pR5/pP1p1P2/P2rp3/R2p3p/3PbP1P/2P1K3/8 w - - 1 31,c7c8 d8c8 f6f7 e3h6,946,101,94,1927,advantage defensiveMove endgame short,https://lichess.org/UFMREDrQ#61,,
5rwh3,8/8/r1k1N3/4B1pp/5p2/1p3P2/6PP/5K2 w - - 0 47,e6d4 c6d5 d4b3 d5e5,947,77,98,2884,crushing defensiveMove endgame short,https://lichess.org/FrLPVq2q#93,,
3apgJ,8/8/2R1k3/p2r1p2/1p3P2/1P2K3/P7/8 b - - 1 42,d5d6 c6d6 e6d6 e3d4,949,87,95,2376,crushing defensiveMove endgame rookEndgame short zugzwang,https://lichess.org/xuOUs7bG/black#84,,
9dSxh,r4rk1/1bq1npb1/p3p1p1/8/2p1PP1Q/P2p2N1/BPP2KP1/R1B4R b - - 1 25,c7c5 c1e3 c5e3 f2e3,949,77,98,1585,crushing defensiveMove master middlegame short,https://lichess.org/UFziBE28/black#50,,
6fmbU,8/8/6p1/2p3k1/R5P1/P5r1/3K4/8 b - - 4 44,g3g4 a4g4 g5g4 a3a4,951,81,95,1209,crushing defensiveMove endgame rookEndgame short,https://lichess.org/nyvNBADg/black#88,,
8oanS,8/2P1k3/1K6/8/p7/P7/1Pb5/8 b - - 0 52,e7d7 b6b7 c2e4 b7b8,953,80,95,2539,bishopEndgame crushing defensiveMove endgame master masterVsMaster short,https://lichess.org/9KKcntwb/black#104,,
6Foe3,Q7/1pp5/5pk1/1P6/2bBP1p1/P5P1/3q3P/4R1K1 w - - 1 32,a8e8 c4f7 e8f7 g6f7,953,87,95,1375,advantage defensiveMove endgame short,https://lichess.org/KvMeVccL#63,,
2p3wh,8/8/8/5p2/4kP2/3Np3/2p5/4K3 w - - 1 73,d3c1 e4f4 e1e2 f4e4,953,88,92,1044,crushing defensiveMove endgame knightEndgame master short,https://lichess.org/W2w3HhfK#145,,
Bt1bm,8/8/p1p5/1pB3p1/1P4k1/P1P2p2/5K2/8 w - - 0 40,f2e3 g4g3 c5d6 g3g2,953,89,95,1029,bishopEndgame crushing defensiveMove endgame short,https://lichess.org/ZQ9n6a9Z#79,,
1DBiI,5k2/3B4/1p5R/5p1P/8/8/4prP1/1K6 w - - 0 40,h6f6 f8e7 f6e6 e7d7,955,84,97,2091,crushing defensiveMove endgame short,https://lichess.org/BSaVSV2t#79,,
3PhIt,7k/p7/5PPP/1p3K2/8/8/6r1/8 b - - 4 51,g2f2 f5e6 f2e2 e6f7 e2g2 g6g7,955,81,94,1020,advancedPawn crushing defensiveMove endgame long master rookEndgame,https://lichess.org/bttzcfre/black#102,,
7I3xK,4r1k1/p2R3p/6pQ/5p2/5P2/2q4P/6P1/6K1 b - - 1 32,c3c5 g1h2 c5e7 d7e7,957,79,96,3024,crushing defensiveMove endgame short,https://lichess.org/pZhN7D7N/black#64,,
7rv1V,2k5/4Q3/pp6/3K4/qPP5/8/8/8 b - - 7 64,a4d1 d5c6 d1h1 c6b6,957,81,96,1022,crushing defensiveMove endgame queenEndgame short,https://lichess.org/kbgbOZqL/black#128,,
4UG3S,8/6pp/3k4/p2pp3/4n3/PP2PN1P/1R2K1P1/2r5 b - - 5 36,e4c3 e2d2 c1a1 d2c3,958,77,100,1558,advantage defensiveMove endgame short,https://lichess.org/HvFIJrPu/black#72,,
9Fghf,8/8/8/6p1/8/5KPk/8/8 b - - 6 61,g5g4 f3f4 h3h2 f4g4,958,98,91,1153,crushing defensiveMove endgame master pawnEndgame short zugzwang,https://lichess.org/OVBRUYOU/black#122,,
8OTh4,4r1k1/p4pbp/2Q3p1/1q6/3p1B2/P4P2/1P3KPP/2R5 b - - 5 25,b5b2 c1c2 b2c2 c6c2,958,87,93,1057,advantage defensiveMove endgame short,https://lichess.org/fWrWLDMC/black#50,,
1Cx4V,8/K2k4/pBp5/P1P5/2b5/8/8/8 b - - 12 70,c4d5 a7a6 d7c8 a6a7,960,79,97,3684,bishopEndgame crushing defensiveMove endgame master short,https://lichess.org/q0tjwZzW/black#140,,
8BgyF,8/5p2/4k3/3p2KP/8/5P2/8/8 b - - 0 53,f7f6 g5g6 d5d4 h5h6 d4d3 h6h7,960,79,96,2906,advancedPawn crushing defensiveMove endgame long pawnEndgame,https://lichess.org/CzDZTfS7/black#106,,
CEqVt,8/p7/1p6/1Pp4p/P1P3k1/6P1/6K1/8 b - - 14 48,h5h4 g3h4 g4h4 g2f3,961,107,95,1956,crushing defensiveMove endgame pawnEndgame short,https://lichess.org/z9K2FxxF/black#96,,
5SWIy,2k5/pR1r4/P2p4/3Pp2p/4Pp1p/5P1K/5P2/8 w - - 6 44,b7d7 c8d7 h3h4 d7c7,961,101,92,1697,crushing defensiveMove endgame master short,https://lichess.org/EoT9ytI5#87,,
4SYAP,4r1k1/3b1pbp/P3p1p1/3n2B1/8/P7/2P2PPP/3RR1K1 w - - 0 21,d1d5 e6d5 e1e8 d7e8 a6a7 e8c6,962,87,94,3682,advantage defensiveMove endgame hangingPiece long master,https://lichess.org/VUBtpBhY#41,,
91ISY,r5k1/pppn2pp/1b5r/3q1p2/3P4/BP2PNP1/P4P1P/R2Q1RK1 w - - 1 16,d1c2 d5f3 c2c4 g8h8,962,90,93,1449,advantage defensiveMove hangingPiece middlegame short,https://lichess.org/w3cAgHiD#31,English_Opening English_Opening_Kings_English_Variation,
AE1bI,3r4/6r1/p1kpR1p1/3R2P1/1PP5/8/6K1/8 w - - 1 43,d5c5 c6d7 e6d6 d7d6,962,77,98,1173,advantage defensiveMove endgame rookEndgame short,https://lichess.org/kRqnRJ3B#85,,
5vKxc,8/p1K5/P7/8/2k5/8/8/8 b - - 0 67,c4b5 c7b7 b5c5 b7a7 c5b5 a7b7,963,92,96,1611,crushing defensiveMove endgame long pawnEndgame,https://lichess.org/siyibBGZ/black#134,,
4TnV9,7R/kpp5/6P1/8/8/5p1P/r7/6K1 b - - 0 40,f3f2 g1f1 a2a1 f1f2,963,77,97,1560,crushing defensiveMove endgame master rookEndgame short,https://lichess.org/Uyb5RaGN/black#80,,
7ytCo,2kr3r/2p3pp/p4p2/1p1np2b/8/2P1BN1P/PP1N1PP1/R3R1K1 w - - 0 19,f3h2 d5e3 e1e3 d8d2,620,92,95,2261,advantage capturingDefender discoveredAttack middlegame short,https://lichess.org/VZcrkx7R#37,Ruy_Lopez Ruy_Lopez_Classical_Variation,
3NmL7,8/pp1r2k1/7p/8/3q1p2/PQ1NpP2/1P4KP/4R3 w - - 2 35,b3c3 d4c3 b2c3 d7d3,648,98,92,1956,advantage capturingDefender discoveredAttack endgame short,https://lichess.org/xbbHb4KH#69,,
8PQWe,6k1/pp1q2p1/3Bn3/2pQ4/2P5/PP5P/6P1/7K w - - 0 39,d6c5 d7d5 c4d5 e6c5,651,94,95,1014,advantage capturingDefender endgame short,https://lichess.org/yhkKtdeL#77,,
8XwUf,r2q1rk1/ppp2pp1/2np3p/4p1N1/4P1b1/2NP4/PPPQBPPP/1K1R3R b - - 0 11,d8g5 d2g5 h6g5 e2g4,771,90,93,5832,capturingDefender crushing middlegame short,https://lichess.org/t29VtkSw/black#22,Four_Knights_Game Four_Knights_Game_Other_variations,
AjS7W,r2q1rk1/pp3pp1/2p1p3/6b1/3PQ3/8/PPP2PK1/R1B2R2 b - - 1 18,d8d5 e4d5 e6d5 c1g5,773,90,92,1709,capturingDefender crushing middlegame short,https://lichess.org/YfC5XmSr/black#36,Caro-Kann_Defense Caro-Kann_Defense_Classical_Variation,
DbnYx,8/6kp/2pq2p1/p3np2/P1B1p2P/2P1Q1P1/1P3PK1/8 w - - 3 33,e3d4 d6d4 c3d4 e5c4,780,90,92,1201,capturingDefender crushing endgame master short,https://lichess.org/AlWRXOvh#65,,
30VHc,r3r1k1/1ppb1pp1/p5qp/4N3/8/P1PQ3P/2P2PPK/4RR2 b - - 0 22,g6d6 d3d6 c7d6 e5d7 e8e1 f1e1,786,89,95,5202,capturingDefender crushing long middlegame,https://lichess.org/kJVjVExH/black#44,,
4hd3N,4rrk1/1p1n1ppp/p1p1b3/8/3N4/1PP2N1P/P4KP1/R2R4 b - - 1 20,c6c5 d4e6 e8e6 d1d7,813,86,91,1171,advantage capturingDefender discoveredAttack middlegame short,https://lichess.org/L2fxgvZD/black#40,,
7AuMJ,2r1r3/1pk5/p4pNp/3p4/5pP1/2P2P2/PP3K1P/3R4 b - - 1 32,e8e5 g6e5 f6e5 d1d5,834,85,92,1214,advantage capturingDefender endgame master short,https://lichess.org/WPXZZkkj/black#64,,
8PmLX,rn1qk2r/pbppbppp/1p2p3/3nP3/3P4/2NB1N2/PPPB1PPP/R2QK2R w KQkq - 3 8,d3e4 d5c3 d2c3 b7e4,848,88,90,1322,advantage capturingDefender discoveredAttack opening short,https://lichess.org/zxGc9PWs#15,French_Defense French_Defense_Normal_Variation,
7etme,2kr1bnr/ppp2ppp/2n5/3qP3/6b1/5N2/PPPPB1PP/RNBQ1RK1 b - - 4 7,c6e5 f3e5 d5e5 e2g4,850,88,93,2776,capturingDefender crushing discoveredAttack opening short,https://lichess.org/E3UrIGIw/black#14,Kings_Gambit_Declined Kings_Gambit_Declined_Queens_Knight_Defense,
3giOA,r1q3k1/1p1n2pp/2p1r3/p2nR1N1/3P4/P5P1/1P3P1P/R2Q2K1 w - - 0 22,g5e6 d7e5 d4e5 c8e6,854,95,94,1283,capturingDefender crushing discoveredAttack middlegame short,https://lichess.org/tRhSl3xI#43,,
58H4V,r2qk2r/ppp2pbp/1nn1p1p1/4P3/2P3b1/BP3N2/P2NBPPP/R2Q1RK1 b kq - 2 11,c6e5 f3e5 g7e5 e2g4,857,84,90,2501,capturingDefender crushing discoveredAttack opening short,https://lichess.org/tJ01XjuL/black#22,Alekhine_Defense Alekhine_Defense_Modern_Variation,
3AB4F,5k2/8/1p1p3p/r1pP2p1/PpP5/r6P/4RPK1/R7 w - - 2 39,a1a3 b4a3 e2a2 a5a4,869,87,97,2066,advantage capturingDefender endgame rookEndgame short,https://lichess.org/iSIND4cU#77,,
7TNSV,r2q1rk1/5pbp/p1n1b1p1/3np3/2p5/P1P1NN1P/1PQ1BPPB/R3K2R w KQ - 0 16,e2c4 d5e3 f2e3 e6c4,877,102,94,1366,advantage capturingDefender discoveredAttack middlegame short,https://lichess.org/tDgBvGaO#31,Sicilian_Defense Sicilian_Defense_Alapin_Variation,
26aBm,r4rk1/1p1q1ppp/p1Bbp3/3p1b2/Q2P1B2/2P1PN2/P4PPP/R4RK1 b - - 0 14,d7c6 a4c6 b7c6 f4d6,885,84,94,2671,advantage capturingDefender middlegame short,https://lichess.org/tzqfw3Ue/black#28,Slav_Defense Slav_Defense_Exchange_Variation,
ArMoF,5r1k/pb1nq2p/1p1p1np1/2p1p3/4P2Q/2PP2PB/PP3P1P/R3R1K1 b - - 4 24,f6g8 h4e7 g8e7 h3d7,888,79,98,1361,capturingDefender crushing master middlegame short,https://lichess.org/3wst48iT/black#48,,
4vNvY,2rq1rk1/p4ppp/2n1p3/2pp4/3P4/5N1P/PP2QPP1/2RR2K1 w - - 0 19,c1c5 c6d4 f3d4 c8c5,890,85,92,2667,advantage capturingDefender discoveredAttack middlegame short,https://lichess.org/fgOjnTd4#37,Caro-Kann_Defense Caro-Kann_Defense_Exchange_Variation,
C10aa,3rr1k1/pp3ppp/6b1/3pN3/2P3P1/2K4P/PP3P2/R2R4 w - - 2 20,d1d5 d8d5 c4d5 e8e5,898,86,94,3268,advantage capturingDefender endgame short,https://lichess.org/mVh4t7sM#39,,
4XGb6,r2qkbnr/pp2pppp/2b5/8/3p4/1P3N1P/PBPP1PP1/RN1QK2R w KQkq - 0 9,b2d4 c6f3 d1f3 d8d4,899,84,91,3350,advantage capturingDefender intermezzo opening short,https://lichess.org/dEybVagC#17,Nimzo-Larsen_Attack Nimzo-Larsen_Attack_Classical_Variation,
2toHt,2rr2k1/3bqppp/2n1p3/1pP5/1P1Np3/1Q2P3/4BPPP/R2R2K1 w - - 1 21,e2b5 c6d4 d1d4 d7b5,905,83,91,3062,advantage capturingDefender discoveredAttack middlegame short,https://lichess.org/ZZBI5kzZ#41,,
4O4e6,r5k1/p2r2pp/4pp2/Bpb5/1P3P2/7P/P3NnPK/R4R2 b - - 0 25,c5d4 e2d4 d7d4 f1f2,907,83,92,1481,advantage capturingDefender middlegame short,https://lichess.org/w2jKILq7/black#50,,
42hX4,r1bqk2r/1p2bppp/p1np1n2/6B1/4p3/1NNBP3/PPPQ1PPP/R3K2R w KQkq - 0 10,c3e4 f6e4 d3e4 e7g5,907,83,93,1302,advantage capturingDefender discoveredAttack middlegame short,https://lichess.org/3RDvDUh7#19,Zukertort_Opening Zukertort_Opening_Sicilian_Invitation,
95J4Z,r1b2b1r/2p2k2/p3q2p/2N1P1pn/1Q3p2/8/PP1N1PPP/R1B1R1K1 w - - 5 24,b4c4 e6c4 d2c4 f8c5,908,87,94,1082,advantage capturingDefender middlegame short,https://lichess.org/RAHaHcQD#47,,
8gEii,6k1/pB3pp1/1p5p/3n4/1q6/4p1P1/PP2P2P/2Q3K1 b - - 1 31,b4c5 c1c5 b6c5 b7d5,910,80,96,1464,capturingDefender crushing endgame short,https://lichess.org/YXbSoaDt/black#62,,
CwnHe,8/pb4pp/2p1kp2/2p5/2PrPB1P/1P2NP2/P2b2PK/3R4 w - - 3 29,h2h3 d2e3 f4e3 d4d1,911,83,92,3127,advantage capturingDefender discoveredAttack endgame short,https://lichess.org/QECBA2O3#57,,
8OVwc,2r5/4R2p/6b1/4N3/4p3/3k3P/6P1/6K1 b - - 1 48,d3e2 e5g6 h7g6 e7e4,914,81,94,2966,capturingDefender crushing discoveredAttack endgame master masterVsMaster short,https://lichess.org/6E2VkXed/black#96,,
5qTTm,2Q5/3n1ppk/p3q2p/b7/2pP4/2N1P1P1/3N1P1P/6K1 w - - 2 31,c8c4 e6c4 d2c4 a5c3,914,82,94,2635,advantage capturingDefender endgame master short,https://lichess.org/LYOcNxSR#61,,
3cypK,8/6b1/4k1p1/3p1p1p/1p1P1P1P/1p1K1PP1/rB6/1R6 b - - 0 37,a2a3 b2a3 b4a3 b1b3,914,83,93,1519,capturingDefender crushing discoveredAttack endgame short,https://lichess.org/x1UAcHF9/black#74,,
AypHE,r4rk1/2q2ppp/4p3/p1bpn1B1/Pp1N4/3PQ2P/1PP2PP1/3RR1K1 w - - 2 21,e3e5 c7e5 e1e5 c5d4,918,79,98,3852,advantage capturingDefender middlegame short,https://lichess.org/clA4fl2v#41,,
5ZpjB,6k1/p4p1p/4p3/8/8/3p3P/1rqN1PP1/Q2R2K1 w - - 1 22,a1c1 c2c1 d1c1 b2d2,919,93,92,1289,advantage capturingDefender discoveredAttack endgame short,https://lichess.org/XxNRnU2w#43,,
1fEgO,3r2k1/ppq3p1/2p1p2p/3n4/2B2r2/6Q1/PPP2PPP/2KR3R b - - 3 17,f4c4 g3c7 d5c7 d1d8,920,79,96,1068,capturingDefender crushing middlegame short,https://lichess.org/GlIfo4Lr/black#34,Van_Geet_Opening Van_Geet_Opening_Reversed_Nimzowitsch,
73yPe,8/1b4k1/p3pqpp/1p2Q3/3P4/1P4P1/P4P1P/1B4K1 w - - 3 32,b1e4 f6e5 d4e5 b7e4,921,79,95,1723,capturingDefender crushing endgame master short,https://lichess.org/IQ11Lpwc#63,,
3arLf,4rrk1/pp3pp1/2p2q1p/3pNb2/3P4/5R1P/PP1Q1PP1/2R3K1 b - - 5 20,f6g5 d2g5 h6g5 f3f5,924,78,97,9164,advantage capturingDefender middlegame short,https://lichess.org/OuQC9Htb/black#40,,
4bfRQ,3rr1k1/pp3pp1/2n4p/4p3/8/1NPq3P/PP2QPP1/R3R1K1 w - - 0 19,a1d1 d3e2 e1e2 d8d1,925,79,98,2298,capturingDefender crushing discoveredAttack kingsideAttack middlegame short,https://lichess.org/obo81jrS#37,,
Al4Ig,1k1r4/1pp2pp1/p3nq2/2P5/1P1p2B1/P2Q4/5P2/1K1R4 b - - 1 29,f6g6 d3g6 f7g6 g4e6,926,82,95,10117,advantage capturingDefender endgame short,https://lichess.org/tClWIYxw/black#58,,
8wsJS,r3k1nr/p3bp2/3pq3/1pn1p1p1/4P1Qp/2PPB2P/1PB2PP1/RN3RK1 w kq - 2 17,e3g5 e6g4 h3g4 e7g5,927,85,92,5325,advantage capturingDefender intermezzo middlegame short,https://lichess.org/fjGB1VIB#33,Philidor_Defense Philidor_Defense_Other_variations,
0cqb0,6k1/6bp/4p1p1/p2pP3/q2r2P1/P3Q2P/1P1R3K/8 w - - 0 36,e3d4 a4d4 d2d4 g7e5 h2g2 e5d4,928,89,92,3561,attraction capturingDefender crushing endgame fork long,https://lichess.org/uXn6Zfhm#71,,
81bUA,6k1/1p1q1ppp/2pP4/r3p2P/6Pr/P5R1/4QP2/3R2K1 b - - 1 28,a5d5 d1d5 c6d5 e2e5,928,80,96,1996,advantage capturingDefender endgame short,https://lichess.org/qLdTuo4x/black#56,,
2Of1q,2br1r1k/p3n1p1/1p1b3p/2p5/2BpN3/1PP2N1P/P5P1/4RR1K b - - 1 23,d4c3 e4d6 d8d6 e1e7,932,85,92,2585,advantage capturingDefender discoveredAttack middlegame short,https://lichess.org/CLZzYDaC/black#46,,
2bpGY,6k1/1b1q1pb1/p2p2p1/2pP2Nn/2P2B2/P2B2QP/5PP1/6K1 w - - 4 30,g3g4 d7g4 h3g4 h5f4,935,91,93,1880,advantage capturingDefender middlegame short,https://lichess.org/3pJjrpTA#59,,
3j0nP,r2qkbnr/pp1bpp1p/2n3p1/1B2P3/3N4/PP1p4/1B1P1PPP/RN1QK2R w KQkq - 2 10,d1f3 c6d4 b2d4 d7b5,935,85,90,1447,advantage capturingDefender discoveredAttack master opening short,https://lichess.org/q01JTyRR#19,Sicilian_Defense Sicilian_Defense_Wing_Gambit,
1VKXL,r2qr1k1/1p3ppp/p7/b1pPn3/P3P1b1/2N2N2/1PQ1B1PP/R4RK1 b - - 4 18,d8f6 f3e5 f6e5 e2g4,936,78,95,2801,advantage capturingDefender discoveredAttack middlegame short,https://lichess.org/VHTp4G1Q/black#36,Petrovs_Defense Petrovs_Defense_Italian_Variation,
54Qf7,r3k2r/ppqbnppp/2n1p3/8/2BP1P2/2P2N2/PB4PP/1R1Q1RK1 w kq - 5 13,f3e5 c6e5 f4e5 c7c4,936,84,93,1827,advantage capturingDefender discoveredAttack middlegame short,https://lichess.org/2tGSYhNQ#25,Caro-Kann_Defense Caro-Kann_Defense_Other_variations,
6SIgS,5r2/kqp5/1p1p3p/pQ3B2/4P2P/P7/1R3P2/1K6 w - - 1 36,b5d5 b7d5 e4d5 f8f5,937,79,96,2841,advantage capturingDefender endgame short,https://lichess.org/s8e2bBJI#71,,
5fsMO,4qnk1/pp3ppp/2p2p2/7b/2PP4/P4NPP/1P1Q1P2/2R3K1 w - - 0 23,d2e3 e8e3 f2e3 h5f3,937,85,91,1028,advantage capturingDefender endgame short,https://lichess.org/XOUOoQ5b#45,,
6CiK9,r4rk1/p2qbppp/5n2/2pP4/8/2N1QP1P/PP3P1K/R1B2R2 b - - 0 17,f6d5 c3d5 d7d5 e3e7,938,81,93,1394,capturingDefender crushing middlegame short,https://lichess.org/D7bLEMPy/black#34,Sicilian_Defense Sicilian_Defense_Old_Sicilian,
0EYiI,r2n2k1/p3q2p/4bpp1/1p2p3/Q7/PNP1P1BP/5PP1/R5K1 w - - 0 27,a4b4 e7b4 a3b4 e6b3,939,81,92,3440,capturingDefender crushing middlegame short,https://lichess.org/S1dKJqPa#53,,
DeefB,r5k1/pp3p1p/2p1bbp1/3r4/8/2P1P2P/PP1NBPP1/2KR3R w - - 2 15,e2c4 d5d2 d1d2 e6c4,939,82,90,1240,advantage capturingDefender discoveredAttack middlegame short,https://lichess.org/E3P2zqik#29,Indian_Defense Indian_Defense_Other_variations,
AFS5G,r4rk1/p4pp1/1pp1b2p/4q3/2B5/1Qn1P3/PP3PPP/3R1RK1 w - - 0 17,b3c3 e5c3 b2c3 e6c4,939,82,92,1138,capturingDefender crushing middlegame short,https://lichess.org/bGagsqaj#33,Semi-Slav_Defense Semi-Slav_Defense_Anti-Moscow_Gambit,
3Vq2D,rn2kb1r/pp3ppp/2p3q1/4p1B1/4P1b1/3B1N2/PPP2PPP/R2QK2R w KQkq - 4 11,e1g1 g4f3 d1f3 g6g5,940,82,93,1297,capturingDefender crushing opening short,https://lichess.org/gqlpSyef#21,Czech_Defense Czech_Defense_Other_variations,
1aXHQ,r4rk1/pppb2pp/2n1p1p1/4Pq2/2P5/5NP1/PP3PKP/RN1Q1R2 b - - 5 16,c6e5 f3e5 f5e5 d1d7,941,84,91,2513,advantage capturingDefender middlegame short,https://lichess.org/4CzOh5yi/black#32,Rat_Defense Rat_Defense_Small_Center_Defense,
5GicF,6k1/5qp1/2p1bB2/1p3p2/p4N1Q/P4P2/1P3PKP/8 b - - 0 35,f7f6 h4f6 g7f6 f4e6,941,81,91,1999,capturingDefender crushing endgame short,https://lichess.org/4l0m54Jp/black#70,,
39Aqp,1r6/ppRPr3/5pk1/5p1p/1P2p3/P6P/5PP1/3R2K1 w - - 4 37,d7d8q b8d8 d1d8 e7c7,943,79,95,3671,advantage capturingDefender endgame short,https://lichess.org/pyFhWebK#73,,
9Ewnl,rn3rk1/pp1qppbp/6p1/2p5/3P1B2/2PQ1N2/P1P2PPP/R3R1K1 w - - 0 13,d4c5 d7d3 c2d3 g7c3 a1b1 c3e1,944,94,94,3333,capturingDefender crushing fork long middlegame,https://lichess.org/KpYArv23#25,Scandinavian_Defense Scandinavian_Defense_Modern_Variation,
1lmvQ,r3r1k1/pp1q1pp1/2p2n1p/8/1P1P4/P2QPN2/5PPP/1RR3K1 w - - 6 20,f3e5 e8e5 d4e5 d7d3,944,87,91,3288,advantage capturingDefender middlegame short,https://lichess.org/n4eqyPXE#39,,
56AKe,r2bk1r1/pb1q1p2/4p3/2p5/P1Pp1Q1P/3P2N1/5PP1/1R3RK1 b q - 1 26,d7c7 f4c7 d8c7 b1b7,948,81,94,1111,advantage capturingDefender middlegame short,https://lichess.org/YwiLkhtZ/black#52,,
1u7ih,1n2r1k1/R1r2pp1/2pq3p/1p1p4/1P1P2B1/2Q1P2P/5PP1/2R3K1 w - - 3 23,c3c5 d6c5 c1c5 c7a7,953,79,94,5484,capturingDefender crushing master middlegame short,https://lichess.org/vueV3SBu#45,,
1PS9h,rn1r2k1/pp3ppp/2q2n2/2p5/8/2PN1Q2/5PPP/RNB1R1K1 w - - 4 18,c1a3 c6f3 g2f3 d8d3,955,84,94,4529,advantage capturingDefender opening short,https://lichess.org/VSSUHgBb#35,French_Defense French_Defense_Normal_Variation,
AXWbT,rn2kb1r/ppp2ppp/4p3/8/6bq/2PP3P/P1P1NPP1/R1BQKB1R w KQkq - 1 8,c1f4 g4e2 d1e2 h4f4,955,84,91,3253,advantage capturingDefender discoveredAttack opening short,https://lichess.org/cT3izJr3#15,Alekhine_Defense Alekhine_Defense_Scandinavian_Variation,
BVb0a,5rk1/pp3p1p/6p1/8/6b1/4PNP1/Pbq2PBP/1R1Q2K1 b - - 3 18,g4f5 d1c2 f5c2 b1b2,957,80,96,5588,capturingDefender crushing master middlegame short,https://lichess.org/QpuctiiL/black#36,English_Opening English_Opening_Anglo-Indian_Defense,
6wKxy,r2qk2r/ppp3p1/2npp3/2b1p1N1/4P1p1/P2P4/1PP2PP1/RNBQ1RK1 w kq - 0 11,c1e3 c5e3 f2e3 d8g5,957,78,95,1902,advantage capturingDefender opening short,https://lichess.org/ZRZoBbqq#21,Italian_Game Italian_Game_Giuoco_Pianissimo,
BPVVT,r3r1k1/ppqn1ppp/2p1pn2/6Bb/2BP3P/2N2N2/PPPQ1P2/3RR1K1 w - - 5 19,d2f4 c7f4 g5f4 h5f3,957,85,94,1690,advantage capturingDefender master middlegame short,https://lichess.org/IrbG3Epl#37,,
40F0t,r3k2r/ppq1b1pp/2p1p3/5p2/3PQ1b1/3B1N2/PPPB1P2/2KR3R w kq - 0 16,e4f4 c7f4 d2f4 g4f3,959,79,95,3998,capturingDefender crushing middlegame short,https://lichess.org/G0HRBO1b#31,Scandinavian_Defense Scandinavian_Defense_Mieses-Kotroc_Variation,
9TYFM,rq4k1/4bpp1/p1Rpn2p/1p1Qp3/4P3/3P1N1P/2PB1PP1/6K1 b - - 3 23,e6c7 c6c7 b8c7 d5a8,959,80,93,3502,capturingDefender crushing deflection discoveredAttack middlegame short,https://lichess.org/YaXB7g4L/black#46,,
2wxQC,r1bq1rk1/1pp2pp1/p5np/7Q/B2bP3/4B2P/PP1N1PP1/R4RK1 w - - 0 16,a4b3 d4e3 f2e3 d8d2,962,85,92,4253,advantage capturingDefender discoveredAttack middlegame short,https://lichess.org/USTh8fZb#31,Ruy_Lopez Ruy_Lopez_Berlin_Defense,
3H00I,3qr1k1/1p3npp/p7/2P5/1P1BRp2/PQ6/5PPP/6K1 w - - 1 33,f2f3 e8e4 f3e4 d8d4,962,88,92,1298,advantage capturingDefender endgame short,https://lichess.org/nhfIJPFV#65,,
24lB9,r4rk1/4ppb1/3p1Bpp/q1pb4/2B5/4PN1P/PP1Q1PP1/R4RK1 b - - 0 16,a5d2 f3d2 g7f6 c4d5,965,79,96,2560,advantage capturingDefender middlegame short,https://lichess.org/K57P8TSR/black#32,Kings_Indian_Defense Kings_Indian_Defense_Other_variations,
17NOw,rn2k1r1/ppb2pqp/2p1p3/2P4b/3PB3/5N1P/PP3PP1/R1BQR1K1 w q - 3 15,c1g5 h5f3 d1f3 g7g5,973,82,94,7892,advantage capturingDefender opening short,https://lichess.org/NMGGalgv#29,Caro-Kann_Defense Caro-Kann_Defense_Two_Knights_Attack,
25IkX,3r2k1/p6p/2p1p1p1/P4pq1/1P2n2P/3r4/2R1Q1N1/4R1K1 b - - 0 41,g5g4 e2g4 f5g4 e1e4,974,82,93,5158,advantage capturingDefender discoveredAttack middlegame short,https://lichess.org/Oet9BVt3/black#82,,
7iStX,r4rk1/pbpp1pp1/np2p2p/4P3/2PPq3/2P2NP1/P3BP1P/R2Q1RK1 w - - 5 13,d1d3 e4d3 e2d3 b7f3,975,84,92,3052,capturingDefender crushing discoveredAttack middlegame short,https://lichess.org/NU0a8CJj#25,Indian_Defense Indian_Defense_Normal_Variation,
24038,4r3/5pkp/6p1/1P1QNp2/3P4/P6P/6P1/3qbR1K w - - 0 40,d5d7 e8e5 d4e5 d1d7,976,82,92,5215,capturingDefender crushing endgame short,https://lichess.org/R86YF1A2#79,,
41mub,r2r2k1/pp3ppp/2p5/2p1n1q1/2B1PPb1/2P5/PP1NQ1PP/R4RK1 w - - 1 16,f4g5 g4e2 c4e2 d8d2,977,76,97,4329,advantage capturingDefender middlegame short,https://lichess.org/4Bcn9LvF#31,Kings_Pawn_Game Kings_Pawn_Game_Busch-Gass_Gambit,
6dCDM,6k1/p1p2ppp/5n2/2pp3q/4rQ2/2P1B2P/PP4P1/R4BK1 w - - 3 25,f4f3 h5f3 g2f3 e4e3,978,80,92,1242,advantage capturingDefender middlegame short,https://lichess.org/GRWsjucp#49,,
6XDse,r2q1rk1/pp2bppp/1n6/2pP4/8/2N4P/PP2QPP1/R1B2RK1 b - - 0 14,b6d5 c3d5 d8d5 e2e7,979,81,96,2317,advantage capturingDefender middlegame short,https://lichess.org/bVAsIiff/black#28,French_Defense French_Defense_Schlechter_Variation,
3SQZK,r3rnk1/p3ppb1/1p1p2p1/3P2qp/2PNQ3/4P1N1/P4P1B/1R3RK1 w - - 2 23,e4f4 g5f4 e3f4 g7d4,980,83,93,8574,advantage capturingDefender middlegame short,https://lichess.org/CJh2JxJZ#45,,
4AGVX,rn1qk2r/2pp1ppp/1p2pn2/p5B1/3Pb3/2P2N2/P1P1QPPP/2KR1B1R b kq - 1 9,h7h6 g5f6 d8f6 e2e4,982,82,94,1078,advantage capturingDefender opening short,https://lichess.org/r2RG8ZBi/black#18,Horwitz_Defense Horwitz_Defense_Other_variations,
0rt6a,r3k2r/ppp1nppp/8/2q1n3/6b1/1P3N2/P1PNBPPP/R2Q1RK1 b kq - 1 13,e8c8 f3e5 c5e5 e2g4,984,78,95,2878,capturingDefender crushing discoveredAttack middlegame short,https://lichess.org/LoiFds4V/black#26,Englund_Gambit Englund_Gambit_Other_variations,
4A964,6k1/5pp1/5b1p/1pq1pP2/7P/1P1B1QPK/3r1P2/1R6 w - - 1 39,f3e3 c5e3 f2e3 d2d3,987,82,94,3517,capturingDefender crushing endgame short,https://lichess.org/vkhNrjlI#77,,
CjlzQ,r2qk2r/ppp2ppp/2npbn2/bB2p3/Q3P3/2PP1N1P/PP3PP1/RNB2RK1 b kq - 2 8,e6d7 b5c6 d7c6 a4a5,987,83,93,2370,advantage capturingDefender opening short,https://lichess.org/Bv8r3PyW/black#16,Ruy_Lopez Ruy_Lopez_Berlin_Defense,
9Us3V,2brr1k1/pp3ppp/2n5/2Pp4/1P1N1P2/6P1/P3B1P1/3R1RK1 w - - 1 26,a2a3 c6d4 d1d4 e8e2,990,77,95,1044,advantage capturingDefender middlegame short,https://lichess.org/MUXgh6Is#51,,
1Dgeb,r4rk1/3qbppp/p1ppb3/8/Q1PP4/5N2/P4PPP/R1B1R1K1 b - - 2 15,c6c5 a4d7 e6d7 e1e7,992,78,95,8971,advantage capturingDefender middlegame short,https://lichess.org/zCcQHVrc/black#30,Sicilian_Defense Sicilian_Defense_Old_Sicilian,
8ry2B,8/pp2q2k/5bp1/8/3NQ1p1/1P1B1p2/P4PK1/8 w - - 0 45,g2g1 e7e4 d3e4 f6d4,994,83,93,3011,capturingDefender crushing endgame master short,https://lichess.org/liZV7ZWT#89,,
9viqX,4k3/pp1rqp2/2p1p1rp/2P3pQ/3P4/P4RP1/1P4PP/5RK1 b - - 8 34,e8d8 f3f7 e7f7 f1f7 d7f7 h5g6,994,77,96,1666,capturingDefender crushing endgame long,https://lichess.org/lfongELt/black#68,,
3LoTJ,rnbqk2r/ppp1bppp/8/3n4/3P4/2N5/PP2QPPP/R1B1KBNR b KQkq - 0 7,e8g8 c3d5 d8d5 e2e7,995,83,92,2655,advantage capturingDefender opening short,https://lichess.org/7TIOsyCY/black#14,Scandinavian_Defense Scandinavian_Defense_Icelandic-Palme_Gambit,
58810,r2q1rk1/pp3pbp/3pbnp1/4n3/3NP3/1N3P2/PPB1Q1PP/R1B2RK1 b - - 2 14,e5c4 d4e6 f7e6 e2c4,995,83,91,1513,capturingDefender crushing opening pin short,https://lichess.org/SLMuBjAI/black#28,Indian_Defense Indian_Defense_Other_variations,
2H5BU,r2qr2k/1pp4p/p4p1n/6p1/P2P1R2/1PN1p3/2P1Q1PP/R1B3K1 w - - 0 20,f4e4 e8e4 c3e4 d8d4 c2c3 d4e4,997,82,94,3220,advantage capturingDefender fork long middlegame,https://lichess.org/byMKbOqD#39,,
7e5N5,r2q1rk1/1p1nnppp/p7/5P2/4R3/8/PPP2PPP/R2Q1BK1 b - - 0 15,d7f6 d1d8 f8d8 e4e7,1000,79,95,6373,advantage capturingDefender middlegame short,https://lichess.org/eWbdgbcb/black#30,Sicilian_Defense Sicilian_Defense_Najdorf_Variation,
1SY9W,rnbqkb1r/pp3ppp/2p5/3n4/Q7/2N2N2/PP1P1PPP/R1B1KB1R b KQkq - 1 7,f8b4 c3d5 d8d5 a4b4,1002,81,91,4051,advantage capturingDefender opening pin short,https://lichess.org/rsE9PhY3/black#14,Scandinavian_Defense Scandinavian_Defense_Icelandic-Palme_Gambit,
C7VAx,2r1k2r/pp3pp1/q3pn1p/2bp4/3N4/1PN1Q2P/P1P2PP1/R1B2RK1 w k - 7 17,e3d3 a6d3 c2d3 c5d4,1002,80,92,1381,capturingDefender crushing middlegame short,https://lichess.org/oHSPs8rM#33,Caro-Kann_Defense Caro-Kann_Defense_Advance_Variation,
31qbZ,r1bq1rk1/1p1n1pbp/p2N2p1/3Pp3/PP2P1n1/4BN2/2Q1BPPP/R4RK1 w - - 1 16,f3g5 g4e3 f2e3 d8g5,1004,79,97,1335,advantage capturingDefender middlegame short,https://lichess.org/UYtuUckw#31,Kings_Indian_Defense Kings_Indian_Defense_Orthodox_Variation,
8wP1U,r3k2r/pp3pp1/3q3p/2pp4/4b1P1/1PP1PQ1P/P1P2PB1/2KR3R w kq - 1 16,f3g3 d6g3 f2g3 e4g2,1005,80,97,3737,advantage capturingDefender middlegame short,https://lichess.org/D6f1lH2E#31,Zukertort_Opening Zukertort_Opening_Sicilian_Invitation,
4Uqum,1r3rk1/5pbp/2p3p1/4p3/PNq5/R1P1B3/2Q2PPP/1R4K1 w - - 1 36,c2d3 c4d3 b4d3 b8b1,1005,78,97,2474,advantage capturingDefender middlegame short,https://lichess.org/mKaxuY1g#71,,
D27cl,r2r2k1/p4pbp/2p1p1p1/q1npP3/N4P2/1PB5/P1P1Q1PP/3R1RK1 b - - 3 18,a5b5 e2b5 c6b5 a4c5,1006,81,94,2971,advantage capturingDefender middlegame short,https://lichess.org/OBmbc870/black#36,Sicilian_Defense Sicilian_Defense_Moscow_Variation,
8ySEO,2rqk2r/p2p1ppp/2b2n2/4p1B1/1b2P3/2N1Q3/PP3PPP/R3K1NR b KQk - 7 14,c6e4 g5f6 g7f6 e3e4,1008,77,95,9145,advantage capturingDefender intermezzo opening short,https://lichess.org/VcU3W0lu/black#28,Nimzowitsch_Defense Nimzowitsch_Defense_Pseudo-Spanish_Variation,
DIc3B,rn2kb1r/pp2pppp/8/q2n4/Q2P4/2N5/PP3PPP/R1B1K1NR b KQkq - 1 10,b8c6 a4a5 c6a5 c3d5,1008,83,92,1442,advantage capturingDefender opening short,https://lichess.org/ckLxNzf0/black#20,Old_Indian_Defense Old_Indian_Defense_Czech_Variation,
0zFZ5,8/3kq3/p2pNnnp/1p1b4/P7/1BQ2N2/2P3PP/6K1 w - - 0 34,b3d5 f6d5 c3d4 e7e6,1009,83,92,2593,advantage capturingDefender middlegame short,https://lichess.org/JPPxiGuu#67,,
0yHWG,r3k2r/pp1b1ppp/2n1p3/1B1pP3/Qb1q4/1N6/PP3PPP/R1B2RK1 b kq - 5 13,d4e5 b5c6 b7c6 a4b4,1009,81,92,2228,advantage capturingDefender middlegame short,https://lichess.org/zN2pCb88/black#26,French_Defense French_Defense_Tarrasch_Variation,
0z2fz,rn1q1rk1/4bppp/p4n2/1p1P3b/2p5/P1N1QN1P/BPP2PP1/R1B2RK1 b - - 0 14,f6d5 c3d5 d8d5 e3e7,1011,83,92,2232,advantage capturingDefender opening short,https://lichess.org/M8aNgJP4/black#28,Philidor_Defense Philidor_Defense_Exchange_Variation,
0IcWT,r1b1r1k1/1p1n1ppp/1q3n2/p3b1B1/4p3/2N1P3/PPPQ1PPP/2KR1BNR w - - 0 12,f1b5 e5c3 d2c3 b6b5,1011,83,93,2004,capturingDefender crushing opening short,https://lichess.org/1dhAlC6X#23,Englund_Gambit_Complex_Declined Englund_Gambit_Complex_Declined_Other_variations,
14Nem,8/3b1p1p/3k2p1/1P1p1pP1/B2P3P/2pP4/4KP2/8 b - - 1 37,d6c7 b5b6 c7b6 a4d7,673,94,96,2038,bishopEndgame crushing deflection discoveredAttack endgame short,https://lichess.org/dWMYAXhq/black#74,,
0zzs0,r1bqrnk1/pp3p1p/2p2pp1/8/3PN3/2PB4/PP3PPP/R2QR1K1 b - - 3 14,f6f5 e4f6 d8f6 e1e8,699,111,92,2229,advantage deflection discoveredAttack kingsideAttack master masterVsMaster middlegame short,https://lichess.org/wEZ92HQU/black#28,Caro-Kann_Defense Caro-Kann_Defense_Tartakower_Variation,
BaJMB,rn4kr/ppp3pp/4b3/3nP3/2PR4/8/PP4PP/R1BN2K1 b - - 0 15,d5b4 d4d8 g8f7 d8h8,699,90,93,1679,crushing deflection kingsideAttack middlegame short skewer,https://lichess.org/zZ6KrQQQ/black#30,Vienna_Game Vienna_Game_Vienna_Gambit,
5uZw3,8/2B5/8/p1K2k1p/1p4pP/1Pn3P1/P7/8 w - - 3 52,c5b6 c3d5 b6a5 d5c7,703,108,93,1141,crushing deflection endgame short,https://lichess.org/LZOIeWAC#103,,
6dft2,8/5p2/8/2BpP2k/3P1K1N/8/1r6/8 w - - 4 42,h4f5 b2f2 f4g3 f2f5,719,90,90,1349,crushing deflection endgame master short skewer,https://lichess.org/FePNhMSY#83,,
1eivn,8/p7/7R/2p2k1p/1p5P/P1P1r3/1P3K2/8 b - - 5 49,f5e4 h6e6 e4d5 e6e3,722,105,97,2460,crushing deflection endgame rookEndgame short skewer,https://lichess.org/i1VZd0XH/black#98,,
8rGIX,r3r1k1/5p1p/1pN3p1/p7/4P3/1PR2P2/P5PP/5K2 b - - 0 23,a8c8 c6e7 e8e7 c3c8,728,105,94,1180,advantage deflection discoveredAttack endgame short,https://lichess.org/9CRb1JAe/black#46,,
1wf3t,8/pP4pk/4p1n1/3pP1Pp/2pP4/1q2BQ1P/7K/8 b - - 2 40,b3b7 f3h5 h7g8 h5g6,734,111,96,1185,crushing deflection endgame short,https://lichess.org/ufd81UoV/black#80,,
CnSAY,2kr4/p4p1p/4p3/5q2/2PPbb2/2NR1N2/PP2KR2/6Q1 w - - 8 22,c3e4 f5e4 e2f1 e4d3,735,101,91,1724,crushing deflection middlegame short,https://lichess.org/EcnxB7E4#43,,
B3GEH,8/p3n2p/1p3k2/1B3p2/1P2bB2/P1P1K2P/8/8 w - - 3 33,b5e2 e7d5 e3d4 d5f4,746,105,93,1412,crushing deflection endgame master short,https://lichess.org/okHJjCFj#65,,
59805,8/p7/1p6/1P2k2p/PR6/6PK/8/r7 w - - 13 64,b4h4 a1h1 h3g2 h1h4,748,115,90,1087,crushing deflection endgame rookEndgame short,https://lichess.org/gD30QqKS#127,,
79syS,8/8/8/3pk3/3R4/4KP2/8/4r3 w - - 5 60,e3d3 e1d1 d3e2 d1d4,752,89,95,1749,crushing deflection endgame rookEndgame short skewer,https://lichess.org/a3XtZ3kL#119,,
4P81S,2rr2k1/pp3ppp/4p3/8/3P4/1Pn1P1B1/P1R3PP/R5K1 w - - 0 23,a1c1 c3e2 c2e2 c8c1,756,103,94,1144,crushing deflection discoveredAttack endgame short,https://lichess.org/CLGxCmzl#45,,
9dcCP,r7/8/5b2/pp1R1Pk1/p5p1/6N1/KPP5/8 b - - 7 38,b5b4 g3e4 g5f4 e4f6,773,79,98,1226,advantage deflection endgame master short,https://lichess.org/64v3POd2/black#76,,
AIoJo,r4r1k/p4pbp/1p1N2p1/2n1p3/7P/4P1B1/PPP5/2KR3R b - - 0 21,a8d8 d6f7 f8f7 d1d8,782,93,93,2499,advantage deflection discoveredAttack kingsideAttack middlegame short,https://lichess.org/0dYobOME/black#42,,
9rPBL,R1b2r1k/1pp3p1/1P3q2/2pn4/3Np2p/7P/Q4PP1/5BK1 w - - 0 33,a2d5 f6f2 g1h1 f2f1,787,85,98,1279,crushing deflection master middlegame short,https://lichess.org/DRRdOvoJ#65,,
04xSr,8/5k2/4r3/3K4/8/8/8/7R b - - 20 64,f7e7 h1h7 e7f6 h7h6 f6g5 h6e6,796,77,100,1026,crushing deflection endgame exposedKing long rookEndgame skewer,https://lichess.org/wxWVQA0E/black#128,,
9eWeN,8/6pk/p3p1n1/5p2/q1Pp1P2/3P2P1/3BQK2/8 b - - 4 32,a4c6 e2h5 h7g8 h5g6,800,99,92,1192,crushing deflection endgame short,https://lichess.org/YyEiu8eb/black#64,,
2Dst8,rn6/2qbp1kp/2pp1np1/p7/1p1P4/2P1Q3/PP2NPPP/1R3RK1 b - - 1 19,b8a6 e3e7 g7g8 e7f6,802,114,95,1007,crushing deflection middlegame short,https://lichess.org/HAD4D3bo/black#38,Modern_Defense Modern_Defense_Two_Knights_Variation,
6HYHs,4r1k1/5p2/p2q2bp/3Pn1p1/N1B5/2Q3PP/1P3P2/4R1K1 w - - 5 34,c4a2 e5f3 c3f3 e8e1,807,85,97,1038,crushing deflection discoveredAttack master masterVsMaster middlegame short,https://lichess.org/pLtyfPBL#67,,
68JKO,8/2kp4/1Rb3pp/2p5/2K2P1P/6P1/8/8 w - - 1 40,c4c5 d7d6 c5b4 c7b6,810,80,97,3087,crushing deflection endgame short,https://lichess.org/weimUiap#79,,
7KtWi,8/5rpk/4Rb1p/1p1p4/8/6PP/PPP3P1/5RK1 w - - 0 35,e6d6 f6d4 g1h2 f7f1,811,89,93,2308,advantage deflection discoveredAttack endgame short,https://lichess.org/oBsViWXk#69,,
AtcKs,8/6pp/RP1r1p2/3kp3/4P3/5K2/6PP/8 b - - 0 38,d5c6 b6b7 c6b7 a6d6,812,91,92,1910,advancedPawn crushing deflection discoveredAttack discoveredCheck endgame rookEndgame short skewer,https://lichess.org/QEjDL1VI/black#76,,
5PEko,r1b1rnk1/pp2qp1p/2p2pp1/8/3PN3/2PB4/PP3PPP/R2QR1K1 b - - 3 14,f6f5 e4f6 e7f6 e1e8,817,82,96,2213,crushing deflection discoveredAttack kingsideAttack master middlegame short skewer,https://lichess.org/XHdqm6lp/black#28,Caro-Kann_Defense Caro-Kann_Defense_Tartakower_Variation,
1TcKI,r1b1r1k1/p2n1p2/1pp2p1p/2Pp3N/1P1K4/5PP1/P6P/R4B1R b - - 0 23,e8e5 h5f6 d7f6 d4e5,817,90,91,1108,advantage deflection kingsideAttack middlegame short,https://lichess.org/dBiPVgRs/black#46,,
BYj78,6k1/p1N3pp/5pb1/2P5/2P5/7P/PB3PP1/3rN1K1 w - - 1 29,g1f1 g6d3 f1g1 d1e1,820,77,99,2269,advantage deflection endgame short,https://lichess.org/Z8hPvtX5#57,,
CZJPa,8/pp3k2/2pp4/2b3p1/2P2pP1/1P1n1B2/P3RPK1/8 w - - 10 39,e2d2 d3e1 g2f1 e1f3,820,84,91,1813,crushing deflection endgame short,https://lichess.org/A8FyX40X#77,,
6FuVP,r3k3/1ppb1p2/p3pPp1/8/P1B3p1/8/1PP1R1Pr/RNK5 w q - 0 19,a1a3 h2h1 c1d2 h1b1,823,107,96,1262,advantage deflection middlegame short skewer,https://lichess.org/FSA4kH61#37,Pirc_Defense Pirc_Defense_Other_variations,
81uVi,3rr1k1/bpp2pp1/p6p/2P1P3/5P2/PP1n2N1/1B3P1P/3R1R1K w - - 1 27,b2c1 d3f2 f1f2 d8d1,829,90,94,1227,crushing deflection discoveredAttack kingsideAttack middlegame short,https://lichess.org/lrZZPBKi#53,,
CcD6w,r1b2rk1/1p1q1p2/2pP2p1/p1p4p/2P1QP2/6PP/PPB4K/3RR3 w - - 1 27,e4e5 d7h3 h2g1 h3g3,831,91,97,2848,crushing deflection master masterVsMaster middlegame short,https://lichess.org/shuxcTuQ#53,,
CHbZs,7k/ppp5/7q/5nR1/3P1PR1/1PP2K2/P4P2/8 w - - 7 36,g5f5 h6h3 f3e4 h3g4,833,95,96,1679,advantage deflection endgame queenRookEndgame short,https://lichess.org/fzM5O3Gw#71,,
B7GuY,rn1q1rk1/p6p/1pp2pp1/3b4/1P1PN3/P1Q5/3N1PPP/2R1R1K1 b - - 4 20,f8e8 e4f6 d8f6 e1e8,835,80,97,2551,crushing deflection discoveredAttack kingsideAttack middlegame short,https://lichess.org/ooebraSj/black#40,,
DOYI0,8/2k5/1NP5/8/K7/1P1r4/8/8 w - - 5 68,a4b5 d3b3 b5c4 b3b6,837,95,92,1665,crushing deflection endgame short skewer,https://lichess.org/ZfFKQVyJ#135,,
AB6u2,r1bq1r1k/pp4bp/1n1N1pp1/8/5p2/2P2B2/PP3PPP/R2Q1RK1 b - - 1 16,a8b8 d6f7 f8f7 d1d8,838,98,96,1341,crushing deflection discoveredAttack kingsideAttack opening short,https://lichess.org/61aPKk4C/black#32,Queens_Pawn_Game Queens_Pawn_Game_Zukertort_Variation,
43hOr,4k1r1/p4p2/7p/Ppq1p3/4Pp2/2P5/4QPPP/3R3K b - - 0 35,e8f8 d1d8 f8e7 d8g8,840,99,93,1714,crushing deflection endgame short skewer,https://lichess.org/Ob3LkpQZ/black#70,,
9CCZc,5kr1/R4p2/2p1b3/7R/4PK1P/5P2/8/6r1 b - - 6 37,g1f1 a7a8 f8e7 a8g8,843,78,98,1267,advantage deflection endgame short skewer,https://lichess.org/VqrR4jiK/black#74,,
D3Ze8,8/8/3b4/4pk2/3pR3/3P1pK1/2R2P2/3r4 w - - 9 65,g3f3 d1d3 f3g2 f5e4,844,98,96,2063,crushing deflection endgame short,https://lichess.org/7CsKp2YL#129,,
AYfVa,1r4k1/5pp1/2R1p2p/3p4/3P4/Pq2P2P/1PQ2KP1/8 b - - 0 31,b3b2 c6c8 b8c8 c2b2,845,98,95,2361,crushing deflection endgame short,https://lichess.org/gwCBA4WY/black#62,,
0QKEg,2rr2k1/6p1/pq2p2p/1p1b1p2/1P1NB3/P2RP3/1Q3PPP/3R2K1 b - - 0 25,d5e4 d4e6 b6e6 d3d8 c8d8 d1d8,846,88,93,1161,crushing deflection discoveredAttack kingsideAttack long middlegame,https://lichess.org/s7iupJ11/black#50,,
B70y9,r4k1r/1p2bp2/p1q2p2/2p2P1p/3p1B2/3P4/PPP2NQP/R5K1 b - - 0 23,h8g8 f4h6 f8e8 g2g8,849,93,95,1785,crushing deflection master middlegame short,https://lichess.org/B64H6tB6/black#46,,
3pNQD,r5k1/ppp1qp1p/2n3p1/5b2/3PN3/1N5P/PPQ2PP1/4R1K1 b - - 0 20,a8e8 e4f6 e7f6 e1e8,850,89,92,1340,crushing deflection discoveredAttack kingsideAttack middlegame short skewer,https://lichess.org/PIG1V3qN/black#40,,
2H1c7,8/5pp1/7p/3rkP2/4B3/4KP2/8/8 b - - 1 60,d5d4 f3f4 e5f6 e3d4,855,104,97,2396,crushing deflection endgame master short,https://lichess.org/9cabaZuV/black#120,,
4legs,5r1k/R5p1/7q/8/8/6Q1/PP3P1K/8 w - - 5 33,g3h3 f8f2 h2g1 h6h3,855,98,95,1461,crushing deflection endgame master short,https://lichess.org/b8dS0Aqr#65,,
1JVZX,4r3/6k1/p2p2Pp/1ppBbp1P/2Pn4/1P1P3N/P4K2/4R3 w - - 3 32,d5f7 e5g3 f2g3 e8e1,855,105,94,1096,crushing deflection discoveredAttack endgame master short,https://lichess.org/dzO1hsrF#63,,
4bU3U,3r1k2/pp1q1ppp/8/2p4P/4R1P1/2P5/PP2QK2/8 b - - 7 34,d7d2 e4e8 d8e8 e2d2,855,77,98,1028,advantage deflection endgame master short,https://lichess.org/kmZmCPP7/black#68,,
9celc,8/p7/1p1r4/2p3kP/2p1PRP1/5K2/PP6/8 w - - 6 48,f3e3 d6d3 e3e2 g5f4,857,91,90,1080,crushing deflection endgame rookEndgame short,https://lichess.org/yJXysdda#95,,
B5Az2,8/4b3/4k3/p2p1p1b/1p1PpP2/1P2P2B/P4K2/4B3 w - - 4 44,h3f1 e7h4 f2g1 h4e1,858,94,92,1113,bishopEndgame crushing deflection endgame master short skewer,https://lichess.org/lj0jGfpD#87,,
7UTJs,8/p3b1p1/1kp1ppNp/8/P1K1P3/6P1/5P1P/8 b - - 1 36,e7c5 a4a5 b6a5 c4c5,859,78,98,1282,advantage deflection endgame short,https://lichess.org/qTjNgo1O/black#72,,
7e7Ki,1R3bk1/5bpp/3B4/5p2/4p3/4P2P/r4PP1/6K1 b - - 5 32,h7h6 b8f8 g8h7 f8f7,860,92,95,2414,crushing deflection endgame short,https://lichess.org/H9ridPU5/black#64,,
AJSxI,6k1/5R2/6K1/7P/6r1/8/8/8 w - - 0 84,g6f6 g4f4 f6e5 f4f7,861,102,96,1757,crushing deflection endgame rookEndgame short skewer,https://lichess.org/V7nLsJUY#167,,
A5ISl,8/1R5p/8/2b2pkP/8/1P3B2/1r3PK1/8 w - - 0 42,b7h7 b2f2 g2h3 f2f3,862,78,97,1067,crushing deflection endgame short,https://lichess.org/1s4CMUZa#83,,
3tVpg,8/8/2p1n3/1p1p2k1/pP1P3p/3PK2P/P7/6N1 b - - 5 47,e6f4 g1f3 g5f5 f3h4 f5g5 h4f3,865,85,96,2141,crushing deflection endgame knightEndgame long,https://lichess.org/I8OBHKbU/black#94,,
860Ha,rn1q3r/p3pkbp/2p1b1p1/1p2P3/3P4/2P2N2/P1Q2PPP/R1B1K2R b KQ - 3 13,h8f8 f3g5 f7g8 g5e6,866,96,95,1157,advantage deflection middlegame short,https://lichess.org/JTtyuXBR/black#26,Neo-Grunfeld_Defense Neo-Grunfeld_Defense_Non-_or_Delayed_Fianchetto,
3Uyub,r1b1k2r/pp3ppp/2n5/8/2P1n3/4BN2/P1K2PPP/R4B1R w kq - 2 13,f1d3 c6b4 c2b3 b4d3,872,82,91,1346,crushing deflection master middlegame short,https://lichess.org/E2XRLqX6#25,Scandinavian_Defense Scandinavian_Defense_Panov_Transfer,
8ky5g,2r1r1k1/pp4p1/3q1p1p/3p1Q1P/5n2/1P4P1/PBP2P2/R3R1K1 b - - 0 25,f4e2 e1e2 e8e2 f5c8,873,92,96,1623,crushing deflection middlegame short,https://lichess.org/xHvdsuxg/black#50,,
CZbwY,8/1R6/4k3/4p3/1p1r3p/1P2K2P/6P1/8 b - - 7 51,e6d5 b7d7 d5c6 d7d4 e5d4 e3d4,874,78,98,1072,crushing deflection endgame long rookEndgame,https://lichess.org/xNXIIne1/black#102,,
D3eVj,1R6/p2r1kpp/2p2r2/7P/2P2R2/P7/5nP1/6K1 w - - 4 40,f4f2 d7d1 g1h2 f6f2,876,103,93,1506,crushing deflection endgame rookEndgame short,https://lichess.org/FNOfHY7v#79,,
AQzAR,8/6pk/p3N1bp/1pK5/8/4P1RP/6P1/1r6 b - - 2 57,b5b4 e6f8 h7g8 f8g6,878,79,91,1235,advantage deflection endgame short,https://lichess.org/5kixSgX6/black#114,,
3ycya,8/5p2/1r2k1pp/1P1R4/3K4/6PP/5P2/8 w - - 0 44,d4c5 b6b5 c5b5 e6d5,880,111,94,4508,crushing deflection endgame rookEndgame short,https://lichess.org/t7i5sqgN#87,,
D1ltY,1r5k/6p1/pP4qp/8/P2Qr3/7P/5PP1/1R1R2K1 w - - 0 35,d4d3 e4e1 d1e1 g6d3,880,80,98,1321,advantage deflection discoveredAttack endgame short,https://lichess.org/g0kRbOoy#69,,
5Tmgv,8/8/8/pk6/1b5R/1K6/1P6/8 w - - 14 54,h4c4 a5a4 b3c2 b5c4,881,79,97,1326,crushing deflection endgame short,https://lichess.org/lhpr69di#107,,
4CUC3,8/8/8/8/8/6kp/6r1/3R3K b - - 5 53,h3h2 d1d3 g3f2 d3d2 f2e3 d2g2,882,99,93,1834,crushing deflection endgame long rookEndgame skewer,https://lichess.org/x9CTuY3w/black#106,,
4orvm,8/1p3k1p/4b1pP/p1p5/2Pp4/P2BbK2/1P4P1/7R w - - 4 39,f3e4 e6f5 e4d5 f5d3,886,97,96,1426,crushing deflection endgame short skewer,https://lichess.org/IeSyXDM8#77,,
499AP,6k1/RP6/3b1pp1/4p3/P3P3/5P1p/1r6/5KB1 w - - 3 43,a4a5 b2b1 f1e2 b1g1,887,87,91,1144,crushing deflection endgame short skewer,https://lichess.org/k1YPYqU1#85,,
A3Duq,6k1/5p2/1p2p1p1/1Q2N1P1/3Pb1Pp/q7/B4P2/6K1 b - - 0 34,a3a2 b5e8 g8h7 e8f7,887,79,99,1132,crushing deflection endgame short,https://lichess.org/X0F2uyF7/black#68,,
BMq7X,3r1k2/5p2/p5pp/1p3N2/1q1P4/6P1/P2nQP1P/4R1K1 w - - 0 34,f5h6 d2f3 e2f3 b4e1,888,95,94,1064,crushing deflection discoveredAttack endgame short,https://lichess.org/SHCQBUe2#67,,
CuG19,2Q5/5ppk/2p2b1p/r2p4/4p3/2P4P/4NqP1/1R5K b - - 1 29,f2e2 c8f5 g7g6 f5f6,888,94,90,1038,crushing deflection endgame short,https://lichess.org/avDoNw5s/black#58,,
7xTLI,1k4r1/2p2pr1/p3p3/1b2P3/p4PBR/1pQ3PK/8/8 w - - 0 35,c3b2 b5f1 h3h2 g7g4 h4g4 g8g4,889,96,98,5456,crushing deflection endgame long,https://lichess.org/7zKifCJz#69,,
58Cv6,8/6k1/2p1p1p1/2PpP3/3Pp1P1/3qP3/5K2/7Q w - - 5 43,g4g5 d3d2 f2g3 d2e3,889,107,93,1769,crushing deflection endgame queenEndgame short,https://lichess.org/jrqf9NR6#85,,
3TJry,1kr5/1p3ppp/8/1pN1pb2/6P1/P6P/1P2PK2/2R5 b - - 0 24,f5g6 c5d7 b8a7 c1c8,893,112,94,1683,crushing deflection discoveredAttack endgame short,https://lichess.org/dcwtu7Jd/black#48,,
0ME21,2k3r1/2p1R1pp/5p2/R7/5PP1/7P/1Pr5/6K1 b - - 0 31,g8d8 a5a8 c8b7 a8d8,894,96,93,1079,crushing deflection endgame rookEndgame short skewer,https://lichess.org/oQczi7Cx/black#62,,
DKyVS,6k1/pp2b3/2p4p/4P1p1/6P1/6N1/PP1r1KP1/R7 w - - 1 28,f2f3 d2d3 f3e4 d3g3,896,92,95,2783,crushing deflection endgame short skewer,https://lichess.org/jvue69t9#55,,
BKtiw,Q3qrk1/2p2p1p/p3bnp1/1p6/8/7P/PPB2PP1/4RK1R w - - 2 20,a8a6 e6c4 f1g1 e8e1,896,81,92,2667,crushing deflection discoveredAttack middlegame short,https://lichess.org/RHL2lsgs#39,,
3mJxI,r4k2/5pp1/p1p4p/P1Pp2b1/1P6/2B3K1/4R2P/8 b - - 2 33,a8e8 c3g7 f8g7 e2e8,897,98,95,3115,advantage deflection endgame short,https://lichess.org/rouAjLCa/black#66,,
5vO7l,6k1/ppp2ppp/8/3Pr3/2n5/P1N3NP/1PP2P2/3R1K2 w - - 0 26,d1e1 c4d2 f1g2 e5e1,898,84,96,2344,advantage deflection endgame short,https://lichess.org/mj7zaw7r#51,,
27dbe,8/5p1p/b2k2p1/p2N4/2pbP3/P4PP1/B1PK3P/8 w - - 2 30,d5e3 c4c3 d2e1 d4e3,900,90,96,3610,crushing deflection endgame short,https://lichess.org/yZaXnvcp#59,,
BZybQ,5k2/pp4bp/8/3Bp3/3nPp2/P4P2/1P5r/1K2B1R1 b - - 1 33,d4e2 e1b4 f8e8 g1g7,900,96,96,1295,crushing deflection endgame short,https://lichess.org/jw4Ytahq/black#66,,
2M0wc,8/8/ppn1pk2/2p4p/2P2K2/P1P1PP2/3N4/8 b - - 2 37,c6e5 d2e4 f6e7 f4e5,900,95,96,1044,crushing deflection endgame knightEndgame short,https://lichess.org/39LMmVGX/black#74,,
CcowP,6k1/p5pp/1p3r2/2rp4/8/7P/PKP1Q1P1/8 b - - 4 29,c5c6 e2e8 f6f8 e8c6,901,82,97,2765,advantage deflection endgame queenRookEndgame short,https://lichess.org/ruWfQVaE/black#58,,
3JE9D,8/p4p2/1p1n2p1/3k3p/5P2/2PK2PP/PP6/8 b - - 2 42,d6e4 c3c4 d5c5 d3e4,902,96,95,2369,crushing deflection endgame knightEndgame short,https://lichess.org/r767wlTs/black#84,,
7KlU7,8/8/5nk1/8/5KPP/8/1p6/1N6 w - - 1 64,b1c3 f6d5 c3d5 b2b1q,902,91,96,2257,advancedPawn crushing deflection endgame knightEndgame master promotion short,https://lichess.org/ErzZN0zG#127,,
7mW9k,7r/8/8/8/8/3k4/4R3/3K4 w - - 22 72,d1e1 h8h1 e1f2 h1h2 f2g3 h2e2,902,90,96,1516,crushing deflection endgame exposedKing long rookEndgame skewer,https://lichess.org/Vhlrxf7E#143,,
1L8dg,8/3K4/4r3/5k2/8/R7/8/8 b - - 6 105,f5f6 a3f3 f6e5 f3e3 e5d4 e3e6,903,78,96,1187,crushing deflection endgame exposedKing long rookEndgame skewer,https://lichess.org/p4XwNfb5/black#210,,
9Iy7U,7r/8/p3pk2/2Nb1pp1/1Pp5/2P3K1/P1B4P/3R4 w - - 2 31,c5a6 f5f4 g3f2 h8h2,904,80,96,1977,crushing deflection endgame master short,https://lichess.org/oDjNLemk#61,,
6QyHb,4rrk1/pppq2pp/3pb3/8/4NP1P/6Q1/PPP1R1P1/1K2R3 b - - 0 21,e6f5 e4f6 f8f6 e2e8,904,90,93,1061,crushing deflection discoveredAttack kingsideAttack middlegame pin short,https://lichess.org/LkjTQgcH/black#42,,
6Vjhd,r5k1/ppqbn1pp/4p3/3pP3/3P4/P1PB4/3B2PP/R4QK1 b - - 0 17,a8f8 d3h7 g8h7 f1f8,905,85,97,3038,advantage deflection kingsideAttack middlegame short,https://lichess.org/oCUwHDhL/black#34,French_Defense French_Defense_Winawer_Variation,
49VrP,8/8/8/3k4/4R3/5K2/8/r7 w - - 26 73,f3f4 a1f1 f4e3 f1e1 e3d2 e1e4,905,89,95,2244,crushing deflection endgame long rookEndgame skewer,https://lichess.org/JYjJUf6f#145,,
5UvFW,6k1/pn3ppp/2R2n2/4p3/2b5/P3PPP1/4r1BP/3K3R b - - 3 26,c4b5 c6c8 f6e8 c8e8 b5e8 d1e2,905,95,96,1917,crushing deflection long middlegame,https://lichess.org/cK3RQCAF/black#52,,
8NRQ1,r1b1kbnr/1p1p3p/p1q2pp1/1NpQ4/2B1P3/8/PPPP2PP/R1B2RK1 b kq - 1 11,a6b5 d5f7 e8d8 f7f8,907,87,94,3253,crushing deflection opening short,https://lichess.org/KdSAcJco/black#22,Sicilian_Defense Sicilian_Defense_Grand_Prix_Attack,
1uSQk,8/3np3/1p1k3p/p4P2/P2K3P/1P1N4/8/8 w - - 0 41,d4c4 d7e5 c4b5 e5d3,907,93,95,1979,crushing deflection endgame knightEndgame master short,https://lichess.org/A2n5BuxE#81,,
8lI1l,6k1/4r1p1/2r4p/5R2/8/5pP1/7P/3R2K1 b - - 1 41,e7f7 d1d8 g8h7 f5f7,907,91,97,1900,crushing deflection endgame master rookEndgame short,https://lichess.org/oJOQAzZr/black#82,,
90ZFm,8/8/4k3/3R4/4K3/8/4r3/8 w - - 30 93,e4d4 e2d2 d4e3 d2d5,907,112,92,1224,crushing deflection endgame rookEndgame short skewer,https://lichess.org/jOJGvQWw#185,,
AuZOw,8/6p1/r2k3p/P1R5/1K6/8/6PP/8 w - - 3 47,b4b5 a6a5 b5a5 d6c5,908,113,93,1981,crushing deflection endgame rookEndgame short,https://lichess.org/FdaX25KM#93,,
8FBEX,2kr4/2pb2pp/2p5/2P2p2/1p3P2/n2PB1PP/2NK4/R7 b - - 1 32,a3c2 a1a8 c8b7 a8d8,908,94,95,1779,crushing deflection endgame queensideAttack short skewer,https://lichess.org/5zuVWUfp/black#64,,
26SGW,8/6p1/2nkp3/p1p3P1/2P1K3/2N5/8/8 b - - 9 55,c6e5 c3b5 d6e7 e4e5,909,104,95,2672,advantage deflection endgame knightEndgame short,https://lichess.org/UjiGXuP6/black#110,,
3C3nx,8/5p2/3p1kp1/4p3/4n2P/4PKP1/2p2P2/2N5 b - - 4 34,f6f5 g3g4 f5e6 f3e4,912,92,96,2354,crushing deflection endgame knightEndgame short,https://lichess.org/ltG6bTS5/black#68,,
3cTpl,8/8/p1q1r1pk/1p2P1p1/1P4Pp/P1n1Q2P/7B/4R1K1 w - - 5 42,e1c1 c3e2 e3e2 c6c1,912,91,92,1082,crushing deflection discoveredAttack endgame short,https://lichess.org/Zcy9grVS#83,,
0yYSm,r1b1kbnr/pp1pqppp/2p5/4P1B1/2Bp4/3P1Q2/PPP2PPP/RN2K2R b KQkq - 4 9,e7g5 f3f7 e8d8 f7f8,913,78,99,1331,advantage attackingF2F7 deflection opening short,https://lichess.org/9ksst5Bt/black#18,Ruy_Lopez Ruy_Lopez_Bird_Variation,
7giBd,6r1/3n1k2/r1p2pp1/p3p2p/P3P2N/BP6/2P5/3R3K b - - 7 31,f7e6 d1d6 e6f7 d6d7,914,76,98,2296,advantage deflection endgame short,https://lichess.org/ucckWyWS/black#62,,
CA9hD,7r/p1p2ppp/1k2pn2/2b5/2PN4/2N3q1/PP4B1/R1BR1K2 b - - 5 18,f6g4 c3a4 b6a6 a4c5,916,106,94,1938,crushing deflection middlegame short,https://lichess.org/DEyRzLni/black#36,Scandinavian_Defense Scandinavian_Defense_Modern_Variation,
9qE0u,8/3k3K/7P/8/8/p5P1/8/8 w - - 0 43,h7g7 a3a2 h6h7 a2a1q,604,102,93,1424,advancedPawn crushing endgame pawnEndgame promotion short,https://lichess.org/2tCoelnP#85,,
4olbZ,8/2p4p/8/8/2P5/P3p1R1/1P1k1p1P/5K2 w - - 2 39,b2b4 e3e2 f1f2 e2e1q,608,109,93,1746,advancedPawn crushing endgame promotion rookEndgame short,https://lichess.org/xXEFcwlZ#77,,
Chngf,8/8/2N2k2/p6p/8/2p4P/P2rR2K/2N5 w - - 5 52,e2d2 c3d2 c1e2 d2d1q,613,100,93,1462,advancedPawn crushing endgame master promotion short,https://lichess.org/xouMmAdY#103,,
CFzTc,8/6p1/6Pp/1k1KPp2/8/8/8/8 b - - 0 45,f5f4 e5e6 f4f3 e6e7 f3f2 e7e8q,616,102,94,1176,advancedPawn crushing endgame long pawnEndgame promotion,https://lichess.org/7WBEFdgI/black#90,,
5zS5t,8/8/1P6/8/5p2/R3p3/2P2k2/3K4 w - - 0 52,b6b7 e3e2 d1c1 e2e1q,632,101,95,1929,advancedPawn crushing deflection endgame promotion rookEndgame short,https://lichess.org/xm29WiCn#103,,
BzNYe,8/pp6/8/2pP2p1/2P2Rk1/5p2/P4Kp1/8 b - - 0 53,g4f4 d5d6 f4e4 d6d7 e4d3 d7d8q,633,107,92,1379,advancedPawn crushing endgame long pawnEndgame promotion,https://lichess.org/uEOiQT2f/black#106,,
1ZLRC,8/6K1/p7/4n2P/1p6/1Pp2kP1/P1P5/8 b - - 0 41,f3g3 h5h6 g3f2 h6h7 f2e1 h7h8q,640,98,90,1224,advancedPawn crushing endgame knightEndgame long master promotion,https://lichess.org/10F7KdAi/black#82,,
5XALI,8/pp3p2/8/5p1P/2K5/P5k1/6b1/8 b - - 0 45,g3h4 h5h6 h4g3 h6h7 f5f4 h7h8q,644,104,93,1222,advancedPawn bishopEndgame crushing endgame long promotion,https://lichess.org/YQCrSghP/black#90,,
AT4PF,8/7K/8/8/7P/p7/1kq1Q3/8 w - - 56 79,e2c2 b2c2 h7g8 a3a2 h4h5 a2a1q,647,101,96,1348,advancedPawn crushing endgame long promotion,https://lichess.org/K5nZsCap#157,,
8k2xZ,8/8/8/p2K2k1/2P4p/P7/2P5/8 w - - 0 43,c4c5 h4h3 c5c6 h3h2 d5c5 h2h1q,654,101,92,1481,advancedPawn crushing endgame long pawnEndgame promotion,https://lichess.org/64xP9T1t#85,,
9Be8p,8/8/6K1/1p1k3P/8/2n5/8/8 b - - 0 57,c3e4 h5h6 b5b4 h6h7 b4b3 h7h8q,655,101,90,1252,advancedPawn crushing endgame knightEndgame long promotion,https://lichess.org/SOvYm7dz/black#114,,
DQlSF,8/8/8/8/6pp/PR6/1PP2k1K/8 w - - 0 48,a3a4 g4g3 h2h3 g3g2 a4a5 g2g1q,657,110,95,1411,advancedPawn advantage endgame long promotion rookEndgame,https://lichess.org/8zAhRf1e#95,,
31UZv,8/8/8/PK6/1p6/1k6/8/8 b - - 0 66,b3a3 a5a6 b4b3 a6a7 b3b2 a7a8q,661,100,93,1108,advancedPawn crushing endgame long pawnEndgame promotion,https://lichess.org/vk0zxS6M/black#132,,
8PyHe,6k1/4r2p/6p1/N7/Pp6/1Pp2p2/2P5/2K1R3 w - - 2 47,e1e7 f3f2 e7d7 f2f1q,662,118,92,1925,advancedPawn crushing endgame promotion short,https://lichess.org/udtQ5FPy#93,,
Ch5vG,8/4k3/3r4/8/1Q4P1/7P/P2p3K/8 w - - 3 65,b4b3 d2d1q b3d1 d6d1,665,120,92,1094,advancedPawn crushing endgame master promotion short,https://lichess.org/kZ0KlZyb#129,,
DUTeg,8/7K/2k2p2/4p3/1p2P1PP/8/4P3/8 w - - 0 42,h4h5 b4b3 h5h6 b3b2 h7g8 b2b1q,679,95,99,1112,advancedPawn crushing endgame long pawnEndgame promotion,https://lichess.org/UTtDcusk#83,,
3lbU1,8/kp6/7R/5P2/8/p6P/6PK/8 w - - 0 47,h6h8 a3a2 h8h4 a2a1q,685,97,98,1449,advancedPawn advantage endgame master promotion rookEndgame short,https://lichess.org/utK7fNzD#93,,
1PDh6,8/6p1/1KP4p/p4r1P/P7/8/4k3/8 b - - 2 50,f5h5 c6c7 h5g5 c7c8q,692,100,94,1149,advancedPawn advantage endgame promotion rookEndgame short,https://lichess.org/jol3VYr8/black#100,,
8icVT,8/8/p7/1p6/3p4/4pQ1b/PP1k4/5K2 w - - 3 49,f3h3 e3e2 f1g2 e2e1q,695,86,99,1157,advancedPawn advantage deflection endgame promotion queenEndgame short,https://lichess.org/W9wjOBh1#97,,
8ioCM,8/8/pK6/1p6/1P2k1p1/P7/1B6/8 w - - 2 59,b6a6 g4g3 b2g7 g3g2 g7f8 g2g1q,701,101,95,1107,advancedPawn bishopEndgame crushing endgame long promotion,https://lichess.org/dtMFS2Oq#117,,
0F4dQ,2n5/1p6/p2PK3/2p5/2P5/1P6/k7/8 b - - 0 51,a2b3 d6d7 c8b6 d7d8q,704,93,95,1191,advancedPawn crushing endgame knightEndgame promotion short,https://lichess.org/Uvw4K1i3/black#102,,
804hX,r7/8/PP4p1/2k5/2P5/2K5/6n1/4R3 b - - 0 58,g2e1 b6b7 a8a6 b7b8q,706,112,99,2088,advancedPawn advantage endgame promotion short,https://lichess.org/FW0IOCdi/black#116,,
5r4PF,8/3k3p/P7/4p3/4P3/b5PK/7P/1Rr5 b - - 0 51,c1b1 a6a7 a3c5 a7a8q,706,109,94,1068,advancedPawn crushing endgame promotion short,https://lichess.org/XEhabT5i/black#102,,
3Elq3,7k/8/3p2p1/1P2p3/B1p1Pp2/5n2/1K6/8 b - - 0 50,f3d4 b5b6 h8g7 b6b7 f4f3 b7b8q,708,105,94,1048,advancedPawn crushing endgame long promotion,https://lichess.org/eDzGXxiM/black#100,,
3tqXd,7k/1r4bp/p2B2p1/5p2/2NP4/Rp2P2P/5PP1/6K1 w - - 2 31,c4a5 b3b2 a5b7 b2b1q,716,88,98,2281,advancedPawn advantage endgame promotion short,https://lichess.org/CHTff7xz#61,,
Chdh6,6k1/5pp1/Q6p/8/8/1p1r4/b4KPP/8 w - - 0 37,a6d3 b3b2 d3d8 g8h7 d8d4 b2b1q,716,102,94,1738,advancedPawn crushing endgame long promotion,https://lichess.org/8AO1c6rz#73,,
3Jwng,8/5pkp/4p1p1/3pP3/PR3P2/2p4P/5PP1/6K1 w - - 0 35,g1f1 c3c2 f1e2 c2c1q,720,98,91,1660,advancedPawn crushing endgame promotion rookEndgame short,https://lichess.org/1rQdeP7N#69,,
3MxlV,8/5ppk/p1rRp2p/1pP5/1P6/n6P/6P1/6K1 b - - 3 37,c6d6 c5d6 a3c2 d6d7 c2b4 d7d8q,720,104,92,1174,advancedPawn advantage endgame long promotion,https://lichess.org/UlKwwwZi/black#74,,
4MFlZ,4k3/1p6/p3pP1P/6p1/8/5n2/PP6/7K b - - 0 42,e8f7 h6h7 f7f6 h7h8q,723,98,95,1187,advancedPawn crushing endgame knightEndgame promotion short,https://lichess.org/B1qq9qpl/black#84,,
8d6DK,8/2q5/6P1/5P2/6Q1/4p1K1/3k4/8 w - - 1 74,g4f4 c7f4 g3f4 e3e2 f4g5 e2e1q,723,103,93,1003,advancedPawn crushing endgame long promotion queenEndgame,https://lichess.org/lf7W83P7#147,,
DIZMU,5k2/2Br1ppp/1P6/8/6P1/3p4/5K2/8 b - - 2 35,f8e8 b6b7 d7c7 b7b8q,730,106,93,1510,advancedPawn advantage endgame promotion short,https://lichess.org/yfA2hnjV/black#70,,
3Erlh,6K1/r2kB3/5P2/8/1P6/8/8/8 b - - 1 58,a7b7 f6f7 d7e7 f7f8q,731,97,96,2133,advancedPawn crushing endgame master promotion short,https://lichess.org/CBZuqDrI/black#116,,
5fKZP,1k6/pp6/2p4P/3p4/1P1pn3/P7/6K1/8 b - - 0 41,d4d3 h6h7 d3d2 h7h8q,731,91,96,1034,advancedPawn advantage endgame knightEndgame master promotion short,https://lichess.org/fbDMIMgY/black#82,,
6l5A5,8/8/6p1/2P5/5k2/pK6/8/8 b - - 0 48,g6g5 c5c6 g5g4 c6c7 g4g3 c7c8q,732,108,94,1027,advancedPawn crushing endgame long pawnEndgame promotion,https://lichess.org/JBWxzLl6/black#96,,
CJkAD,8/7p/1P2k1pr/2B5/8/4PK2/8/8 b - - 0 54,h6h5 b6b7 h5c5 b7b8q,740,79,99,1170,advancedPawn crushing endgame promotion short,https://lichess.org/HuiG8gIK/black#108,,
8r0FC,8/4K3/2kP4/5b1p/7P/8/1p6/1N6 b - - 7 57,f5h7 d6d7 h7b1 d7d8q,744,89,99,1208,advancedPawn crushing endgame master promotion short,https://lichess.org/h7crTwIu/black#114,,
6pFKj,5k2/1p3p2/4pP1P/p3P3/4r1P1/6K1/8/8 b - - 0 42,e4e5 h6h7 e5g5 h7h8q,749,82,98,1127,advancedPawn crushing endgame master masterVsMaster promotion rookEndgame short,https://lichess.org/ZxheMpRY/black#84,,
1NgZP,8/4k1p1/8/3K4/P6p/4P3/8/8 w - - 0 44,a4a5 h4h3 a5a6 h3h2 a6a7 h2h1q,750,96,94,1185,advancedPawn crushing endgame long pawnEndgame promotion,https://lichess.org/HsWh0j5X#87,,
8aP4x,7k/8/5KbP/5B2/8/p1P5/8/8 w - - 0 51,f5g6 a3a2 g6f5 a2a1q,754,99,92,1948,advancedPawn bishopEndgame crushing endgame pin promotion short,https://lichess.org/zg9YkyeU#101,,
3voKp,4rk2/1P5p/8/2P3p1/5p2/3K4/P4P2/8 b - - 0 41,e8b8 c5c6 f8e7 c6c7 b8b7 c7c8q,754,101,93,1268,advancedPawn crushing endgame long promotion rookEndgame,https://lichess.org/jpDK0cJn/black#82,,
0dLGx,8/2N5/3Kp3/4P3/3p4/1n6/k7/8 w - - 0 58,c7e6 d4d3 e6c7 d3d2 c7d5 d2d1q,754,85,99,1123,advancedPawn crushing endgame knightEndgame long promotion,https://lichess.org/N3sYvFPw#115,,
DKqHt,8/4k3/P7/2K5/2B4r/8/8/8 b - - 0 68,e7d8 a6a7 d8e7 a7a8q,754,114,95,1032,advancedPawn crushing endgame master promotion short,https://lichess.org/WY986riU/black#136,,
6T91I,1R6/1P2k1p1/4p2p/2nn1p1P/5P2/8/8/6K1 b - - 0 44,d5f4 b8e8 e7e8 b7b8q,759,89,98,1325,advancedPawn attraction crushing endgame promotion short,https://lichess.org/CQfJx9QS/black#88,,
3A83H,1r6/1PR3pp/5pk1/2P5/8/p4P1P/5P2/5K2 w - - 0 33,c5c6 a3a2 f1g2 a2a1q,771,118,94,1302,advancedPawn crushing endgame promotion rookEndgame short,https://lichess.org/Qp83m9Ey#65,,
3bcAl,8/1K6/8/1P6/4Q1pk/4Pq2/8/8 w - - 1 54,e4f3 g4f3 b5b6 f3f2 b7c7 f2f1q,775,102,95,1047,advancedPawn crushing endgame long promotion,https://lichess.org/Nf1SCROE#107,,
CAeQ5,8/8/4P1p1/p7/P1k3p1/3p3P/3K4/8 b - - 0 40,g4g3 e6e7 g3g2 e7e8q,777,81,99,1408,advancedPawn crushing endgame pawnEndgame promotion short,https://lichess.org/2QdsxODa/black#80,,
CKxJ6,8/4k3/R5rK/4p3/4P3/1P5p/8/8 w - - 0 41,a6g6 h3h2 g6g4 h2h1q,780,105,98,1135,advancedPawn crushing endgame promotion rookEndgame short,https://lichess.org/RHOjtGQK#81,,
ChA1t,8/8/5PR1/1r6/p7/k1p5/8/2K5 b - - 0 48,b5b6 f6f7 b6g6 f7f8q,781,81,98,1813,advancedPawn crushing endgame promotion rookEndgame short,https://lichess.org/tOGpmJVL/black#96,,
3u02y,4rR2/6k1/p2K4/2p5/2P3P1/3p4/8/8 w - - 0 43,f8e8 d3d2 d6c5 d2d1q,783,81,98,1551,advancedPawn crushing endgame promotion rookEndgame short,https://lichess.org/51xLAkTc#85,,
88p04,8/8/3K3p/8/pkp2PP1/7P/P7/8 w - - 0 47,f4f5 c4c3 f5f6 c3c2 f6f7 c2c1q,784,90,98,1209,advancedPawn crushing endgame long pawnEndgame promotion,https://lichess.org/HGL4NDQD#93,,
7pdgu,8/8/p7/4P3/1P1K1k1p/8/P1P5/8 w - - 0 59,d4d5 h4h3 e5e6 h3h2 d5d6 h2h1q,785,88,98,1174,advancedPawn crushing endgame long master pawnEndgame promotion,https://lichess.org/3GCWZeFh#117,,
5Bq49,3q2k1/r2Prppp/1p4b1/p5Q1/8/2P2P2/PP1R2PP/3R2K1 b - - 5 22,h7h6 g5e7 d8e7 d7d8q,794,103,95,1595,advancedPawn crushing kingsideAttack middlegame promotion short,https://lichess.org/nqjywPbS/black#44,,
DBW6W,8/8/P2p2Kp/3Pk3/2B5/4b3/5p1P/8 b - - 5 43,e5d4 a6a7 d4c4 a7a8q,799,87,94,2439,advancedPawn advantage bishopEndgame endgame promotion short,https://lichess.org/gIyt1fkL/black#86,,
1rOFB,1k6/pp5p/3p1P2/3P4/8/1qp5/6PP/5R1K b - - 0 30,c3c2 f6f7 b8c7 f7f8q,799,79,99,1425,advancedPawn advantage endgame promotion queenRookEndgame short,https://lichess.org/HV0THT9V/black#60,,
90Iwj,8/8/1P4kp/4r3/P7/2p3K1/2P2P2/8 b - - 0 47,e5a5 b6b7 a5a4 b7b8q,804,105,95,2069,advancedPawn crushing endgame promotion rookEndgame short,https://lichess.org/3GbexWUi/black#94,,
2UCVd,4rr2/Nkn3pp/1p3p2/1P6/1QPN1P2/P5PP/1K2p3/8 w - - 0 37,a7c6 e2e1q b4e1 e8e1,809,82,98,1346,advancedPawn crushing endgame promotion short,https://lichess.org/fkrEkcRe#73,,
11GLn,6k1/8/6PP/3p4/p3p3/5r2/1p2K3/7R b - - 2 58,f3f6 h6h7 g8h8 g6g7 h8g7 h7h8q,812,87,90,2350,advancedPawn attraction crushing endgame exposedKing long promotion rookEndgame,https://lichess.org/m5BZeDyl/black#116,,
5Ui5h,8/8/3K3p/3P4/8/1kp3P1/1p6/1B6 w - - 0 64,d6e7 c3c2 b1c2 b3c2 d5d6 b2b1q,813,83,98,1097,advancedPawn bishopEndgame crushing endgame long promotion trappedPiece,https://lichess.org/rCiCaofk#127,,
6JBxq,8/5p2/2p5/P4pp1/8/K4k1P/8/8 b - - 0 45,f3e2 a5a6 f5f4 a6a7 f4f3 a7a8q,814,105,93,1305,advancedPawn crushing endgame long pawnEndgame promotion,https://lichess.org/1k6A288w/black#90,,
CR0XO,6r1/p1k2p2/P1p1p3/2N1P3/2KP4/2P5/3r2p1/R5R1 w - - 4 45,a1d1 d2d1 g1d1 g2g1q d1g1 g8g1,817,92,93,1749,advancedPawn advantage endgame long promotion,https://lichess.org/ltK6NzKG#89,,
5Puly,8/4Pk2/p1K1Nrp1/1p2R2p/8/8/8/8 b - - 0 52,f6e6 e5e6 f7e6 e7e8q,822,98,95,1682,advancedPawn attraction crushing endgame promotion rookEndgame short,https://lichess.org/t7wq0iDI/black#104,,
8asEC,8/1k6/3P1n1p/1pp3p1/4nBR1/2P5/7P/6K1 b - - 0 44,f6g4 d6d7 g5f4 d7d8q,824,77,99,1150,advancedPawn advantage endgame promotion short,https://lichess.org/jRNWQcUE/black#88,,
D87yz,1k6/8/6PN/7P/p7/1r6/6K1/8 b - - 0 47,a4a3 g6g7 a3a2 g7g8q,826,86,94,1649,advancedPawn crushing endgame master promotion short superGM,https://lichess.org/mvX9pr5C/black#94,,
2vF3C,8/5k2/3P1P1K/1pp1B3/p7/P4r2/1P6/8 b - - 8 51,f3f5 d6d7 f5e5 d7d8q,827,85,97,1674,advancedPawn crushing endgame promotion short,https://lichess.org/SZfPY2eE/black#102,,
86esW,7R/4k3/8/5p2/5n2/3p2P1/5P2/6K1 w - - 0 53,g1f1 d3d2 g3f4 d2d1q,827,108,93,1666,advancedPawn crushing endgame promotion short,https://lichess.org/jAFPi67i#105,,
3Dyh3,6k1/5pp1/PB1r3p/8/8/5P1n/3pKP1P/R7 b - - 1 38,d6b6 a6a7 g8h7 a7a8q,828,109,95,1476,advancedPawn advantage endgame promotion short,https://lichess.org/mTPMoeHU/black#76,,
D6xsN,8/5K2/8/5p1P/8/5k2/8/8 b - - 0 50,f3g4 h5h6 f5f4 h6h7 f4f3 h7h8q,830,106,95,2125,advancedPawn crushing endgame long master pawnEndgame promotion,https://lichess.org/AMwRbQTl/black#100,,
1tfjl,8/2Nk4/1P1P1bp1/3K4/2P5/7p/8/8 w - - 0 72,b6b7 h3h2 d5c5 h2h1q,831,106,96,1562,advancedPawn crushing endgame promotion short,https://lichess.org/B8gO1MhM#143,,
2HQnI,r1b1k2r/2pn3p/2p5/p3p3/1b5Q/2pBBP2/PPP3qP/R3K1R1 w Qkq - 0 18,g1g2 c3b2 e1e2 b2a1q,836,82,96,2590,advancedPawn crushing discoveredAttack discoveredCheck master middlegame promotion short,https://lichess.org/HMIIHjYC#35,Four_Knights_Game Four_Knights_Game_Scotch_Variation_Accepted,
DTErZ,3R4/6p1/7p/p7/2k5/P2p4/2pK2PP/8 w - - 0 54,d8d3 c2c1q d2c1 c4d3,836,97,94,1487,advancedPawn crushing deflection endgame promotion short,https://lichess.org/7XbfEbPq#107,,
9yzjq,8/8/8/1p4P1/1Pk2p1p/P2p1P2/3K4/8 b - - 0 49,h4h3 g5g6 c4d4 g6g7 h3h2 g7g8q,837,103,97,1147,advancedPawn advantage endgame long pawnEndgame promotion,https://lichess.org/Dm2fM8xw/black#98,,
1kgQs,8/8/8/3K4/4Ppk1/4p3/4N3/8 w - - 1 72,e4e5 f4f3 e5e6 f3e2 e6e7 e2e1q,839,83,95,1219,advancedPawn advantage endgame knightEndgame long promotion,https://lichess.org/ZPhuD3oW#143,,
65RdP,8/KP6/8/P6p/5k2/7P/8/1q6 b - - 2 59,b1b5 b7b8q b5b8 a7b8,840,78,98,1431,advancedPawn crushing endgame promotion queenEndgame short,https://lichess.org/5hKLag3i/black#118,,
7BBhw,1N6/p5kp/1p1Pp3/5pp1/3R4/P7/1Pq3PP/K7 b - - 7 33,c2c8 d6d7 c8b8 d7d8q b8d8 d4d8,840,93,95,1253,advancedPawn crushing endgame long promotion,https://lichess.org/CcSVoztX/black#66,,
7HXxu,8/p7/1p1K4/3PP3/8/2P3pB/PP3k1b/8 w - - 1 38,e5e6 g3g2 d6c6 g2g1q,841,77,98,4205,advancedPawn bishopEndgame crushing discoveredAttack discoveredCheck endgame promotion short,https://lichess.org/XvfWSVAx#75,,
7RKFE,6k1/2p4p/p3N3/P1p5/1r6/RP1P3P/2pr2P1/2R4K w - - 2 30,e6c7 d2d1 c1d1 c2d1q,841,110,92,1928,advancedPawn crushing endgame promotion short,https://lichess.org/ClSCCKvV#59,,
4fT6R,8/pp1R3p/8/5K2/PP6/8/2kp4/8 w - - 6 46,b4b5 d2d1q d7d1 c2d1,842,106,93,1079,advancedPawn crushing endgame promotion short,https://lichess.org/Pc7y38BO#91,,
Cnupm,3r3k/p2P1p1r/1pR1pP2/8/8/5P2/PP3P1P/7K b - - 0 30,h7h6 c6c8 d8c8 d7c8q,842,92,96,1017,advancedPawn crushing endgame master pin promotion rookEndgame short,https://lichess.org/Tmhk8n5T/black#60,,
2S4pH,8/8/1p6/7P/1Pkp4/5K2/8/8 b - - 0 53,c4c3 h5h6 d4d3 h6h7 d3d2 h7h8q,845,84,97,5968,advancedPawn crushing endgame long pawnEndgame promotion,https://lichess.org/FGbdx6h0/black#106,,
6njzF,8/p7/3pP2p/4kPb1/P3P3/2p5/1n2K2P/2R5 b - - 3 50,g5c1 e6e7 e5d4 e7e8q,849,103,94,1157,advancedPawn crushing endgame promotion short,https://lichess.org/GTS5IDgU/black#100,,
B7ip2,8/7p/4K1p1/4P1P1/4kp1P/8/8/8 w - - 0 52,e6f6 f4f3 e5e6 f3f2 e6e7 f2f1q,851,111,95,1094,advancedPawn crushing endgame long pawnEndgame promotion,https://lichess.org/tm3NF4Io#103,,
7i6wI,8/p7/1p2k1Pr/2p3R1/2P5/7p/P6K/8 b - - 2 45,e6f6 g6g7 f6g5 g7g8q,852,105,93,1197,advancedPawn crushing endgame promotion rookEndgame short,https://lichess.org/64Offtxf/black#90,,
0XWZb,5R2/P7/8/5p2/4p1p1/6k1/r5P1/5K2 b - - 5 47,f5f4 a7a8q a2a8 f8a8,853,94,90,1374,advancedPawn crushing endgame promotion short,https://lichess.org/LKbtYzVg/black#94,,
2bsJS,8/8/1p1B2n1/8/4KP2/Pkp5/8/8 w - - 0 55,f4f5 c3c2 f5g6 c2c1q,856,107,94,1276,advancedPawn crushing endgame master masterVsMaster promotion short,https://lichess.org/1Fzr1g9n#109,,
6X0Vm,8/8/7P/1p4P1/2kP1P2/8/3K4/6r1 b - - 0 46,b5b4 h6h7 b4b3 h7h8q,857,92,97,3255,advancedPawn crushing endgame promotion rookEndgame short,https://lichess.org/tk4SuYTt/black#92,,
Bx8VY,6r1/1K3p2/p1R2B2/4P3/P1P2k2/1P4pb/6P1/8 w - - 0 45,g2h3 g3g2 f6e7 g2g1q,857,99,92,1475,advancedPawn advantage endgame master promotion short,https://lichess.org/0psBKr7A#89,,
A2EBd,5N2/8/8/4p3/2p5/8/k4KPP/8 w - - 0 53,f2e2 c4c3 f8g6 c3c2 g6e5 c2c1q,857,97,94,1039,advancedPawn crushing endgame knightEndgame long promotion,https://lichess.org/B3pl4Jm5#105,,
5TiHy,8/8/1PkB3p/p1P3p1/6b1/P4p2/6rP/1R5K b - - 1 43,g4f5 b6b7 f5b1 b7b8q,860,104,96,2810,advancedPawn crushing endgame promotion short,https://lichess.org/up2owlTU/black#86,,
2NSwl,4r3/1N6/p2P1k2/P4p1p/1P3P2/5K2/8/8 b - - 0 46,e8b8 d6d7 b8b7 d7d8q,864,99,97,1805,advancedPawn crushing endgame promotion short,https://lichess.org/WpA8b0Bd/black#92,,
3by1H,8/5R1p/8/8/7P/2k3P1/1p3PK1/1r6 w - - 1 46,f7h7 b1g1 g2g1 b2b1q,865,102,94,1393,advancedPawn attraction crushing endgame promotion rookEndgame short,https://lichess.org/Ri1KhFhx#91,,
CcxvO,8/2p5/4kp2/8/1R3P2/p2KP1P1/3N3P/r7 w - - 2 41,b4b1 a1b1 d2b1 a3a2 b1c3 a2a1q,867,97,96,1970,advancedPawn crushing endgame long promotion,https://lichess.org/mwsv7tNz#81,,
4iXjs,8/2k5/P1p5/3b1p2/R4p2/3n1P2/4K3/8 b - - 4 52,d3c5 a6a7 c5a4 a7a8q,867,97,96,1201,advancedPawn advantage endgame promotion short,https://lichess.org/CEJ7j8pa/black#104,,
Bjn19,8/1p6/3KP3/4np2/1k5P/p7/6P1/8 w - - 0 46,d6e5 a3a2 e6e7 a2a1q,869,101,91,1443,advancedPawn crushing endgame pawnEndgame promotion short,https://lichess.org/J23TU8K9#91,,
5pnhq,8/k2P3r/pp6/2p5/4P1p1/5PqP/PP4P1/3R2K1 b - - 0 44,h7f7 d7d8q g4f3 d1d7 f7d7 d8d7,870,83,92,1233,advancedPawn advantage endgame long master promotion,https://lichess.org/CqIgfGlg/black#88,,
CrSad,5Bk1/p2R2pp/1p2P3/5n2/P1p5/7P/6PK/3r4 b - - 0 36,d1d7 e6d7 g8f8 d7d8q,871,80,97,1250,advancedPawn crushing endgame promotion short,https://lichess.org/7DbSZZn4/black#72,,
D7m44,8/8/3p4/1p4K1/1P2p1PP/1PP5/5k2/8 w - - 0 44,g5f5 e4e3 g4g5 e3e2 g5g6 e2e1q,873,103,91,2219,advancedPawn crushing endgame long pawnEndgame promotion,https://lichess.org/xmpqMIQX#87,,
6nvCS,8/6pp/1B3pk1/3R1p2/5P2/3P4/1p3PKP/1r6 w - - 0 32,b6d4 b1g1 g2g1 b2b1q,873,96,95,1841,advancedPawn attraction crushing endgame promotion short,https://lichess.org/YLrynH51#63,,
Cjnn7,8/pp2P3/4R3/1Pk2K2/8/2p5/8/4r3 b - - 3 44,e1e6 f5e6 c5b4 e7e8q,873,77,100,1250,advancedPawn crushing endgame master masterVsMaster promotion short,https://lichess.org/jRjniUnc/black#88,,
5YT9m,7k/pp2PB2/2p5/5q1p/8/8/PP1R4/2K5 b - - 16 56,f5f7 d2d8 h8g7 e7e8q f7e8 d8e8,876,89,95,3273,advancedPawn crushing endgame long promotion queenRookEndgame,https://lichess.org/jLhCDSij/black#112,,
5LnG0,8/8/p7/P1PK4/5p2/4b3/4kR2/8 b - - 0 65,e2f2 c5c6 f4f3 c6c7 f2e1 c7c8q,878,112,92,2880,advancedPawn bishopEndgame crushing endgame long promotion,https://lichess.org/HncNPUIT/black#130,,
5kmQR,r3k2r/pppqbppp/2n5/4P3/3P4/5B1P/PP3P2/R1BQ1RK1 b kq - 0 14,d7d4 f3c6 b7c6 d1d4,771,91,96,1769,crushing intermezzo middlegame short,https://lichess.org/UikArLqo/black#28,Philidor_Defense Philidor_Defense_Other_variations,
A2czc,r3kb1r/ppp2ppp/2n1p3/3q4/3P4/5B2/PPP2PPP/R1BQ1RK1 b kq - 0 9,d5d4 f3c6 b7c6 d1d4,795,98,92,1329,crushing intermezzo middlegame short,https://lichess.org/AiFUFzxS/black#18,Scandinavian_Defense Scandinavian_Defense_Modern_Variation,
3c2fJ,r2qkb1r/1p2pppp/p1n5/8/3P1BP1/5B2/PP5P/R2QK2R b KQkq - 0 14,d8d4 f3c6 b7c6 d1d4,827,82,97,1952,crushing intermezzo middlegame short,https://lichess.org/dlXATBed/black#28,Queens_Pawn_Game Queens_Pawn_Game_Other_variations,
8IK3F,r1bqk2r/pp2bppp/2n2n2/8/2PP4/2N2B2/PB3PPP/R2Q1RK1 b kq - 0 12,d8d4 f3c6 b7c6 d1d4,851,83,96,4683,crushing intermezzo master opening short,https://lichess.org/zwdfhUX4/black#24,Zukertort_Opening Zukertort_Opening_Sicilian_Invitation,
85W8t,r2q1rk1/pb3pbp/1p1ppnp1/2p5/2P1P1N1/P2Q3P/1P1PNPP1/R1B2RK1 b - - 0 13,b7e4 g4f6 d8f6 d3e4,858,86,91,2676,advantage intermezzo kingsideAttack opening short,https://lichess.org/GA422Xjw/black#26,Sicilian_Defense Sicilian_Defense_Staunton-Cochrane_Variation,
1Hob0,r2qk2r/ppp2ppp/2n1pn2/8/2pP4/2N2BPP/PP1QPP2/R3K2R b KQkq - 1 10,d8d4 f3c6 b7c6 d2d4,863,89,96,1074,crushing intermezzo middlegame short,https://lichess.org/FWAGkumm/black#20,Kings_Indian_Attack Kings_Indian_Attack_Keres_Variation,
4cuLg,rnbqk2r/ppp2ppp/5b2/3p4/3Q4/2N3P1/PPP1PP1P/R3KBNR w KQkq - 0 7,d4d5 f6c3 b2c3 d8d5,866,80,99,1091,crushing intermezzo opening short,https://lichess.org/sz4cgDlD#13,Hungarian_Opening Hungarian_Opening_Other_variations,
60GHB,2r2rk1/p3ppbp/6p1/2pP4/3P4/5N2/PP4PP/2R2RK1 w - - 0 22,c1c5 g7d4 f3d4 c8c5,873,86,98,1091,advantage endgame intermezzo short,https://lichess.org/oa13jYWG#43,,
2YI3b,r2qkb1r/ppp1pppp/2n2n2/8/2PP4/5B1P/PP3PP1/RNBQK2R b KQkq - 0 8,d8d4 f3c6 b7c6 d1d4,877,89,90,1157,crushing intermezzo opening short,https://lichess.org/c06xx41d/black#16,Scandinavian_Defense Scandinavian_Defense_Modern_Variation,
D0TMp,r3k2r/pp3pp1/2n1pq1p/8/1b1P4/2N2B2/PP3PPP/2RQK2R b Kkq - 0 13,f6d4 f3c6 b7c6 d1d4,882,84,97,1111,crushing intermezzo middlegame short,https://lichess.org/Re8kOBWX/black#26,Caro-Kann_Defense Caro-Kann_Defense_Panov_Attack,
A2cj0,r2qkbnr/pp3ppp/2n5/8/3P4/5B2/P1P2PPP/RNBQK2R b KQkq - 0 10,d8d4 f3c6 b7c6 d1d4,885,85,97,4017,crushing intermezzo opening short,https://lichess.org/e3eFt3V6/black#20,French_Defense French_Defense_Kings_Indian_Attack,
4kQe6,4r1k1/p4p1p/1p4p1/2q5/8/P1Q5/1P4PP/4R2K b - - 3 26,c5c3 e1e8 g8g7 b2c3,889,94,94,1553,crushing endgame hangingPiece intermezzo queenRookEndgame short,https://lichess.org/rVCAGxYd/black#52,,
11Zkj,r1bq1rk1/pp3pp1/2n2b1p/3p4/8/P1N1PN1P/1P3PP1/R2QKB1R w KQ - 0 13,d1d5 f6c3 b2c3 d8d5,900,90,95,2870,crushing intermezzo opening short,https://lichess.org/TOPdSbRl#25,Queens_Gambit_Declined Queens_Gambit_Declined_Normal_Defense,
9b6gC,rnbqk2r/ppp2pp1/7p/3pb3/7P/2N4N/PPP1PPP1/R2QKB1R w KQkq - 0 9,d1d5 e5c3 b2c3 d8d5,902,92,94,1451,crushing intermezzo opening short,https://lichess.org/ojGKXgy1#17,Queens_Pawn_Game Queens_Pawn_Game_Torre_Attack,
Ayfp7,r1bqk1nr/p1p2pp1/5b1p/2Pp4/8/2N1B3/PP3PPP/R2QKB1R w KQkq - 0 11,d1d5 f6c3 b2c3 d8d5,915,80,98,1423,advantage intermezzo opening short,https://lichess.org/ZlXtc0Wj#21,Philidor_Defense Philidor_Defense_Exchange_Variation,
4kdWc,1r1qkbnr/ppp2ppp/2n1p3/8/3P4/2N2B1P/PPP2PP1/R1BQ1RK1 b k - 0 9,d8d4 f3c6 b7c6 d1d4,916,84,95,2073,crushing intermezzo opening short,https://lichess.org/v1RuUqbQ/black#18,Scandinavian_Defense Scandinavian_Defense_Mieses-Kotroc_Variation,
3lWsU,r2qk2r/1p2bppp/pnn5/4P3/2pPBB2/7P/PPP2PP1/R2Q1RK1 b kq - 2 14,d8d4 e4c6 b7c6 d1d4,920,92,90,1255,crushing intermezzo middlegame short,https://lichess.org/Jjx3tGMf/black#28,Queens_Pawn_Game Queens_Pawn_Game_London_System,
2cbZk,r1bqk1nr/ppp1ppb1/2n4p/2Pp2p1/8/2N3B1/PP2PPPP/R2QKBNR w KQkq - 2 8,d1d5 g7c3 b2c3 d8d5,920,77,98,1224,crushing intermezzo master opening short,https://lichess.org/Tfw9YASL#15,Queens_Pawn_Game Queens_Pawn_Game_Levitsky_Attack,
DLgdC,Q1bqr1k1/4pp1p/p5p1/1pppb3/8/P1NB3P/1PP2PP1/R3K2R w KQ - 0 17,a8d5 e5c3 b2c3 d8d5,933,86,93,1421,crushing intermezzo middlegame short,https://lichess.org/Z2dYWSTL#33,English_Defense English_Defense_Other_variations,
1iAlc,r1bq1k1r/pp3p1p/6p1/1B1pb3/8/2N1P1P1/PP3PP1/R2QK2R w KQ - 2 14,d1d5 e5c3 b2c3 d8d5,934,79,97,4567,crushing intermezzo master middlegame short,https://lichess.org/OtyyseLm#27,Slav_Defense Slav_Defense_Schlechter_Variation,
5pO4t,8/5p2/5np1/5k1p/8/5PP1/rB1RK3/8 w - - 0 41,b2f6 a2d2 e2d2 f5f6,937,88,94,8168,crushing endgame intermezzo short,https://lichess.org/rMWLgnMV#81,,
7OlPd,r1b2rk1/4bpp1/p1n4p/1pp1pP2/4Pn2/P1N1BN2/1PP1B1PP/R4RK1 w - - 1 16,f3e5 f4e2 c3e2 c6e5,939,76,99,1167,advantage intermezzo kingsideAttack middlegame short,https://lichess.org/oE33ue4p#31,Sicilian_Defense Sicilian_Defense_Closed,
9W589,r1bqk2r/pp3pp1/2n2b1p/2Pp4/8/2N1P3/PP3PPP/R2QKBNR w KQkq - 0 10,d1d5 f6c3 b2c3 d8d5,940,78,98,2027,crushing intermezzo opening short,https://lichess.org/GZoeYcw0#19,Queens_Gambit_Declined Queens_Gambit_Declined_Modern_Variation,
6b8ex,r2qkb1r/ppp2ppp/2n1pn2/8/2pP4/2N2BPP/PP2PP2/R1BQ1RK1 b kq - 0 9,d8d4 f3c6 b7c6 d1d4,940,83,92,1775,advantage intermezzo opening short,https://lichess.org/jXjLCATx/black#18,Queens_Pawn_Game Queens_Pawn_Game_Symmetrical_Variation,
3OrE6,r2qkb1r/pp2pppp/2n2n2/8/3P4/2N2BP1/PP3P1P/R1BQK2R b KQkq - 0 10,d8d4 f3c6 b7c6 d1d4,940,94,93,1074,crushing intermezzo opening short,https://lichess.org/3bmclgzA/black#20,Queens_Pawn_Game Queens_Pawn_Game_Krause_Variation,
1oxk2,4r1k1/p4pp1/1p4qp/2p5/3p3P/P2Q2P1/1PP1RP2/6K1 b - - 0 28,g6d3 e2e8 g8h7 c2d3,943,92,91,1219,crushing endgame hangingPiece intermezzo queenRookEndgame short,https://lichess.org/vBgzFZDn/black#56,,
3NHbz,r1bqk1nr/pp3p1p/6p1/3pb3/8/2N1B3/PPP2PPP/R2QKB1R w KQkq - 0 10,d1d5 e5c3 b2c3 d8d5,945,89,92,1037,crushing intermezzo opening short,https://lichess.org/6r7qiCZQ#19,Caro-Kann_Defense Caro-Kann_Defense_Breyer_Variation,
281cI,r2qkbnr/ppp2pp1/2n1p2p/4P3/2pP1PPP/8/PP4B1/1RBQK1NR b Kkq - 0 10,d8d4 g2c6 b7c6 d1d4,951,77,95,1108,crushing intermezzo opening short,https://lichess.org/Ty0ZewZE/black#20,Nimzowitsch_Defense Nimzowitsch_Defense_Scandinavian_Variation,
BTO1P,1r6/p4k2/2p5/3p4/5rp1/1PP3R1/P7/6RK w - - 0 38,g3g4 b8h8 h1g2 f4g4,952,78,98,1249,crushing endgame interference intermezzo master rookEndgame short,https://lichess.org/Nv3njWX3#75,,
9AMJ0,r2qk1nr/pp3pp1/2n1p2p/8/1b1P4/2N2BP1/PP3P1P/R1BQK2R b KQkq - 2 11,d8d4 f3c6 b7c6 d1d4,953,91,93,1585,crushing intermezzo opening short,https://lichess.org/uEbhO0w3/black#22,Zukertort_Opening Zukertort_Opening_Slav_Invitation,
9WCHY,r1bqkb1r/ppp2pp1/2n2p1p/8/3PB3/P7/1PP2PPP/RN1QK1NR b KQkq - 0 7,d8d4 e4c6 b7c6 d1d4,955,76,98,2076,crushing intermezzo opening short,https://lichess.org/MsTotQmH/black#14,Trompowsky_Attack Trompowsky_Attack_Other_variations,
0F9xB,r1bqk2r/pp3ppp/2n2b2/1B1p4/3Q4/2N1P3/PP3PPP/R3K1NR w KQkq - 2 10,d4d5 f6c3 b2c3 d8d5,958,93,93,3086,crushing intermezzo opening short,https://lichess.org/gt24vnaa#19,Queens_Gambit_Declined Queens_Gambit_Declined_Other_variations,
00Htd,rnbqk2r/1p3ppp/p4b2/2Pp4/8/2N2N2/PP2PPPP/R2QKB1R w KQkq - 0 9,d1d5 f6c3 b2c3 d8d5,959,92,94,1200,crushing intermezzo opening short,https://lichess.org/ZWQwqa9S#17,Tarrasch_Defense Tarrasch_Defense_Two_Knights_Variation,
2dvtQ,4r1k1/1p1N1pp1/p3pq1p/3pR3/8/P4rQP/1PP5/2K3R1 b - - 2 31,f3g3 d7f6 g7f6 g1g3,962,86,94,2977,crushing endgame intermezzo short,https://lichess.org/8DGb8wXJ/black#62,,
9m1Tc,r2q1rk1/1pp2ppp/p1p2n2/4b3/4P1b1/2P2NP1/PP1NQP1P/R1B1R1K1 b - - 2 13,d8d7 f3e5 g4e2 e5d7 f6d7 e1e2,965,85,94,2084,crushing hangingPiece intermezzo long middlegame,https://lichess.org/9N6vmdpR/black#26,Ruy_Lopez Ruy_Lopez_Exchange_Variation,
65RpX,7r/2kr1p1p/p1p1pb2/2N5/4P3/1P1P4/P1P3PP/5RK1 w - - 1 21,c5d7 f6d4 g1h1 c7d7,969,86,92,1287,advantage endgame intermezzo master short,https://lichess.org/ApCJK3XH#41,,
9j31z,r1bqk2r/pp3pbp/2n3p1/P2p4/8/2N1B3/1PP2PPP/R2QKB1R w KQkq - 0 11,d1d5 g7c3 b2c3 d8d5,970,80,96,3930,crushing intermezzo opening short,https://lichess.org/azev6OkF#21,Sicilian_Defense Sicilian_Defense_Hyperaccelerated_Fianchetto,
ANuGu,r1b1k2r/1p3ppp/pqnbp3/6N1/3PB3/P7/1P3PPP/R1BQK2R b KQkq - 2 12,b6d4 e4c6 b7c6 d1d4,973,99,94,3244,crushing intermezzo opening short,https://lichess.org/hHlBhDEE/black#24,Slav_Defense Slav_Defense_Exchange_Variation,
BZLin,5r1k/2p3p1/2pp3p/p3P1b1/2P3q1/PPN3Pn/4Q2P/5R1K b - - 0 29,g4e2 f1f8 h8h7 c3e2,975,89,94,1477,crushing endgame hangingPiece intermezzo short,https://lichess.org/gw0QBotf/black#58,,
AYLAr,4r1k1/3N1pp1/p4q2/8/5b2/P7/4QPP1/4R1K1 b - - 4 34,e8e2 d7f6 g7f6 e1e2,977,80,96,1993,advantage endgame intermezzo short,https://lichess.org/uue6uZqK/black#68,,
2aPU6,4r1k1/1pp2p1p/p5p1/2PP2q1/QP2rN2/P5P1/7P/5RK1 b - - 0 27,e4f4 a4e8 g8g7 f1f4,977,78,96,1950,crushing endgame hangingPiece intermezzo short,https://lichess.org/hRdAuYxY/black#54,,
D8dAm,r3k2r/ppp2ppp/2nqpn2/8/3P1B2/5BPP/PPP3P1/R2QK2R b KQkq - 2 12,d6d4 f3c6 b7c6 d1d4,977,83,95,1878,crushing intermezzo middlegame short,https://lichess.org/UdmgYz41/black#24,Scandinavian_Defense Scandinavian_Defense_Other_variations,
7JR6T,rn2k2r/ppp4p/3q1b2/3p1b2/8/2N2N2/PPP1PPPP/R2QKB1R w KQkq - 0 9,d1d5 f6c3 b2c3 d6d5,979,76,99,3990,crushing intermezzo opening short,https://lichess.org/56gdCz12#17,Englund_Gambit_Complex Englund_Gambit_Complex_Soller_Gambit,
1H7J2,3r2k1/rb3p1p/p5p1/1pn1B3/3b4/7N/P1B2PPP/3RR1K1 b - - 3 23,d4e5 d1d8 g8g7 e1e5,980,77,96,4171,crushing hangingPiece intermezzo kingsideAttack middlegame short,https://lichess.org/Az5DUTmF/black#46,,
8oZbi,r1b2b1r/ppp1kBp1/5p1p/2n1p3/3q4/1Q2B3/PP3PPP/RN3RK1 w - - 4 14,e3d4 c5b3 f7b3 e5d4,982,79,95,1111,advantage intermezzo opening short,https://lichess.org/iLGsRGyt#27,Italian_Game Italian_Game_Two_Knights_Defense,
5jLD8,r3r3/7k/2p2b1p/p2p1b2/4n1p1/2PB1P2/PP1N2PB/3R1RK1 b - - 0 25,e4d2 d3f5 h7h8 d1d2,984,87,91,2506,crushing hangingPiece intermezzo middlegame short,https://lichess.org/RaXxmBIb/black#50,,
AxDn9,7r/p5k1/1p1p2r1/n1pBp1p1/2P4P/2PP1P2/P5RK/6R1 w - - 1 37,g2g5 h8h4 h2g2 g6g5,988,78,98,2303,crushing endgame interference intermezzo short,https://lichess.org/VtkClxhQ#73,,
2BFgv,2k1r3/2p5/8/2Bp2Np/3Pb3/5NqP/6P1/4R1K1 b - - 2 27,e4f3 e1e8 c8b7 g5f3,992,79,94,2029,crushing endgame hangingPiece intermezzo short,https://lichess.org/tIPvvCyN/black#54,,
31HU3,6k1/1p4pp/1p3p2/4p3/2b1P3/1N1n3P/2n1BPP1/2B2K2 b - - 1 30,d3c1 e2c4 g8f8 b3c1,992,77,95,1369,advantage endgame hangingPiece intermezzo short,https://lichess.org/LRuZGQs1/black#60,,
8g6iW,1r2k3/p4p2/1p1p1Qp1/1PpP4/P3p3/1R2Pq2/1B1P1P2/4K1Rr w - - 7 30,f6f3 h1g1 e1e2 e4f3,994,76,96,1696,crushing endgame hangingPiece intermezzo master short,https://lichess.org/8EYcdUhK#59,,
6ckCC,r2q1rk1/pp3ppp/2n2b2/2Pp4/6b1/2N1PN2/PP2BPPP/R2QK2R w KQ - 0 11,d1d5 f6c3 b2c3 d8d5,994,84,95,1341,advantage intermezzo middlegame short,https://lichess.org/ErLpqxE9#21,Queens_Gambit_Declined Queens_Gambit_Declined_Other_variations,
CrJGl,rnb1kb1r/pp1q1ppp/8/3p2B1/3Q4/5N2/PP2PPPP/3RKB1R w Kkq - 0 10,d4d5 f8b4 g5d2 d7d5,996,75,97,6341,crushing interference intermezzo master opening short,https://lichess.org/xfqCjVjg#19,Queens_Gambit_Declined Queens_Gambit_Declined_Austrian_Defense,
0sjtF,r4rk1/pppq1pbp/2n2np1/3pP3/1P4b1/P1PBPN2/3N1PPP/R1BQ1RK1 b - - 0 10,c6e5 f3e5 g4d1 e5d7 f6d7 f1d1,997,78,95,1480,crushing hangingPiece intermezzo long middlegame,https://lichess.org/Iz1FuncW/black#20,Queens_Pawn_Game Queens_Pawn_Game_Colle_System,
4vllX,r2qkb1r/pp3ppp/2n2n2/8/2PP1p2/5B2/PP4PP/RNBQK2R b KQkq - 0 9,d8d4 f3c6 b7c6 d1d4,998,88,94,1039,crushing intermezzo opening short,https://lichess.org/GjQp6Mgf/black#18,Kings_Gambit_Accepted Kings_Gambit_Accepted_Abbazia_Defense,
Aeo9l,r3k2r/pp3ppp/2n1pn2/3q4/3P4/P4B2/P4PPP/R1BQ1RK1 b kq - 0 11,d5d4 f3c6 b7c6 d1d4,999,84,95,1768,crushing intermezzo middlegame short,https://lichess.org/b0EoiJqi/black#22,Sicilian_Defense Sicilian_Defense_Old_Sicilian,
Bed8f,6k1/1r1R3p/1p2PRp1/4r3/4P3/8/6PP/6K1 b - - 2 32,e5e6 d7d8 g8g7 f6e6,1001,78,96,10715,crushing endgame intermezzo rookEndgame short,https://lichess.org/X467q57R/black#64,,
5Ema5,r4rk1/pp2qpbp/3pb1p1/1Np5/2P1PP2/1P4P1/P2Q2BP/3R1RK1 w - - 1 18,b5d6 g7d4 g1h1 e7d6,1001,83,94,4305,advantage interference intermezzo master middlegame short,https://lichess.org/bjgmMNrp#35,Kings_Indian_Defense Kings_Indian_Defense_Normal_Variation,
4aOec,R3n1k1/4qpp1/3p3p/1ppP4/4r3/7P/1PQ2PPB/6K1 w - - 4 24,h2d6 e4e1 g1h2 e7d6,1002,88,93,2589,crushing endgame intermezzo short,https://lichess.org/Lrhawq25#47,,
9kcqL,2rq1rk1/5p1p/p5p1/1pppP1b1/6Q1/P2P4/BPP3PP/R4RK1 w - - 0 22,a2d5 g5e3 g1h1 d8d5,1004,77,97,6852,crushing intermezzo middlegame short,https://lichess.org/kEkIt6TZ#43,,
0Dh6K,4rr1k/pBp3p1/7p/2p1np2/2Pp3P/3P2P1/PP3P2/3RR1K1 b - - 0 23,e5d3 e1e8 f8e8 d1d3,1004,87,93,1013,advantage endgame intermezzo short,https://lichess.org/ASUHlxJ8/black#46,,
3hJfQ,r1b2rk1/pp3p1p/2p5/2bp4/N3B3/5P2/PPP3PP/2KR3R w - - 0 15,e4d5 c5e3 c1b1 c6d5,1005,76,95,5336,advantage intermezzo middlegame short,https://lichess.org/Xb8bUi9y#29,Scotch_Game Scotch_Game_Other_variations,
50jRP,1rq2rk1/p3ppbp/2p1b1p1/2pnN3/Q7/2PP3P/PP1N1PPK/R1B1R3 w - - 3 15,a4c6 g7e5 e1e5 c8c6,1006,81,92,2316,crushing intermezzo middlegame short,https://lichess.org/FQyHVEhY#29,Sicilian_Defense Sicilian_Defense_Nyezhmetdinov-Rossolimo_Attack,
Co5D1,rnbqkb1r/ppp2pp1/5n1p/4p3/4N1P1/1P6/PBPP1PBP/R2QK1NR b KQkq - 0 7,c8g4 e4f6 d8f6 d1g4,1006,84,95,1062,crushing intermezzo opening short,https://lichess.org/a1Y5zr9j/black#14,French_Defense French_Defense_Horwitz_Attack,
5PhrU,5rk1/ppq3p1/2p2n1p/4pPrN/2P3PP/1P3Q2/P3R3/4R2K b - - 0 29,g5g4 h5f6 f8f6 f3g4,1008,79,95,1965,crushing intermezzo kingsideAttack middlegame short,https://lichess.org/sEpibeP5/black#58,,
5Mnnd,4r1k1/pp1q1pp1/2np3p/8/8/1B3Q1P/P1P2PP1/3R2K1 w - - 0 22,d1d6 e8e1 g1h2 d7d6,1013,85,94,5033,crushing endgame intermezzo short,https://lichess.org/c2gu9Yw4#43,,
CBKOC,r5k1/pp1bbr1p/6BB/3pp1R1/5p1N/8/PP3PPP/R5K1 b - - 0 23,e7g5 g6f7 g8f7 h6g5,1013,78,98,4395,advantage intermezzo kingsideAttack middlegame short,https://lichess.org/r728KMIi/black#46,,
4rdkm,4r1k1/1p3ppp/p2p4/2pP1q2/2P5/PPQ4P/4rPP1/1R2R1K1 w - - 1 22,e1e2 f5b1 g1h2 e8e2,1015,86,91,1393,crushing endgame hangingPiece intermezzo short,https://lichess.org/2fq6VmV7#43,,
0OElv,3r2k1/p4ppp/1bp2q2/8/1P3B2/PQ2P2P/3r1PP1/R2R2K1 w - - 2 20,d1d2 f6a1 g1h2 d8d2,1016,77,97,5239,crushing hangingPiece intermezzo master middlegame short,https://lichess.org/79oAtVYo#39,,
De3xj,4r3/1b1k2pp/p2p4/1p6/5n2/P1PR1P2/2P2KPP/4R3 w - - 9 27,e1e8 f4d3 c2d3 d7e8,1016,84,94,3780,advantage endgame intermezzo short,https://lichess.org/LJIRWfxK#53,,
5tt7J,r2q1rk1/ppp2pp1/3p1nbp/b2N4/2P1P1P1/3QBN1P/PPP2P2/R4RK1 b - - 0 15,g6e4 d5f6 d8f6 d3e4,1016,88,93,1062,advantage intermezzo kingsideAttack middlegame short,https://lichess.org/ALCZmF8a/black#30,Four_Knights_Game Four_Knights_Game_Italian_Variation,
9KbHQ,3r2k1/1p3pp1/pqb1p2p/8/1P5P/P2RQ3/2P2PPK/8 b - - 2 30,b6e3 d3d8 g8h7 f2e3,1017,86,92,6920,crushing endgame hangingPiece intermezzo short,https://lichess.org/jCaslWwS/black#60,,
7vadY,r1b1k2r/pp2nppp/3qp3/2p1p3/3n4/2PP1NB1/PP2BPPP/R2QK2R w KQkq - 3 12,g3e5 d4f3 e2f3 d6e5,1017,74,96,6854,crushing intermezzo opening short,https://lichess.org/zFt88LuO#23,Sicilian_Defense Sicilian_Defense_Other_variations,
5DhmT,4r3/p5kp/1p1qpnp1/2p2rN1/2PP1P2/4R2P/PP1Q4/4R1K1 b - - 1 24,d6d4 g5e6 e8e6 d2d4 c5d4 e3e6,1019,79,96,3893,advantage fork intermezzo long middlegame,https://lichess.org/nbCtvCmM/black#48,,
06Qtv,r1bqk1nr/ppp2p1p/6p1/3pb3/8/2N1PP2/PPP3PP/R2QKBNR w KQkq - 0 8,d1d5 e5c3 b2c3 d8d5,1020,81,95,4525,crushing intermezzo opening short,https://lichess.org/oMq7MaDR#15,Modern_Defense Modern_Defense_Other_variations,
7uzuQ,4r2k/6p1/7p/7q/8/4P1P1/4R2P/3R1BK1 b - - 0 40,e8e3 d1d8 h8h7 e2e3,1021,85,95,1696,crushing endgame intermezzo short,https://lichess.org/RVUUWLR6/black#80,,
C8gSr,4Q3/1p2rpkp/p1qP2p1/2P5/8/6P1/5P1P/6K1 w - - 0 35,e8c6 e7e1 g1g2 b7c6,1022,83,93,1047,crushing endgame intermezzo queenRookEndgame short,https://lichess.org/46NvrioV#69,,
9DlcN,r2q3k/pp4pp/2p2b2/Pr1R4/8/1Q3B2/1PP2PPP/RN4K1 b - - 0 21,b5b3 d5d8 a8d8 c2b3,1023,82,90,1757,advantage intermezzo middlegame short,https://lichess.org/8dRrl55X/black#42,,
2EcL6,3r2k1/2p2pp1/1p2bn1p/p1q1p3/P1N1Pn2/2P1Q2P/1PBN1PP1/3R2K1 b - - 7 24,e6c4 e3c5 b6c5 d2c4,1024,80,95,17404,advantage capturingDefender intermezzo master middlegame short,https://lichess.org/BdsXHoTM/black#48,,
3RKYF,r5k1/5pp1/Pq4p1/R1Q3P1/2p1P2P/1p2P3/1K6/8 b - - 2 38,a8a6 c5c8 g8h7 a5a6,1025,77,100,1948,advantage endgame intermezzo master short,https://lichess.org/vqDz3htY/black#76,,
3nmMQ,4r1k1/p1pq1p1p/6p1/2p5/2b3P1/1NP4P/P1PQ1P2/4R1K1 b - - 1 24,d7d2 e1e8 g8g7 b3d2,1026,89,93,2887,crushing endgame hangingPiece intermezzo short,https://lichess.org/Qwki1y57/black#48,,
6JB1Q,r3kb1r/ppp2ppp/2np1n2/8/3P1q2/2N2B2/PPP5/R1BQ1KN1 b kq - 0 16,f4d4 f3c6 b7c6 d1d4,1027,90,92,9550,crushing intermezzo opening short,https://lichess.org/bCWRxEaQ/black#32,Kings_Gambit_Declined Kings_Gambit_Declined_Keene_Defense,
4xWMv,6k1/5p1p/p3p1pb/1pr1P3/5P2/1P4BP/P2R2P1/6K1 b - - 0 27,c5e5 d2d8 g8g7 f4e5,1027,89,91,2391,crushing endgame intermezzo short,https://lichess.org/q3KyaW5C/black#54,,
22CIm,2rq1rk1/p4p1p/2Q2bp1/3p4/8/2N1P2P/PPP2PP1/R3K2R w KQ - 0 16,c6d5 f6c3 b2c3 d8d5,1028,88,92,1054,crushing intermezzo middlegame short,https://lichess.org/rZz9cHHl#31,Indian_Defense Indian_Defense_Other_variations,
3N0oB,3rr1k1/4Bpbb/pp4pp/3p4/3N4/1P3BN1/P5PP/5RK1 w - - 1 32,e7d8 g7d4 g1h1 e8d8,1029,77,97,4272,advantage hangingPiece intermezzo middlegame short,https://lichess.org/xj8Fgq7C#63,,
96wxT,r3k2r/ppp1bppp/8/2p1Pb2/3qB3/8/PPP2PPP/RNBQR1K1 b kq - 0 10,f5e4 d1d4 c5d4 e1e4,1029,81,93,2390,advantage capturingDefender intermezzo middlegame short,https://lichess.org/TWYGVpoB/black#20,Petrovs_Defense Petrovs_Defense_Stafford_Gambit,
8yGXu,3q1rk1/1r3pbp/pp6/2pnn1p1/3p4/PP1P1NP1/1B3PBP/2QR1RK1 w - - 0 24,c1g5 e5f3 g2f3 d8g5,1029,76,100,1238,advantage intermezzo kingsideAttack middlegame short,https://lichess.org/JzzWRc9g#47,,
4gnlj,3r2k1/pppqrppp/3p1n2/3N4/3QPP2/7P/PPPR2P1/2KR4 b - - 3 16,e7e4 d5f6 g7f6 d4e4,1029,90,93,1028,crushing intermezzo kingsideAttack middlegame short,https://lichess.org/DTXbGwkh/black#32,Scotch_Game Scotch_Game_Classical_Variation,
6OMqK,6k1/p4pbp/2R1p1p1/3pP3/7P/P3P1Q1/3K2P1/1r2N2q b - - 0 25,g7e5 c6c8 g8g7 g3e5,1031,77,96,1902,advantage endgame intermezzo master short,https://lichess.org/eeJM4ish/black#50,,
8nH3z,r3k1nr/Np1b4/8/1B1p2pp/Q7/2q1p1B1/P1P1K1PP/R6R b kq - 1 20,a8a7 b5d7 e8e7 a4a7,1032,85,93,1565,crushing intermezzo middlegame short,https://lichess.org/8RBKXPDE/black#40,,
BFjr2,r1bqk1nr/ppp1ppbp/2np2p1/8/2PP4/2N3P1/PP2PPBP/R1BQK1NR b KQkq - 0 5,g7d4 g2c6 b7c6 d1d4,1033,80,92,7934,advantage intermezzo opening short,https://lichess.org/EKgmdTZr/black#10,English_Opening English_Opening_Great_Snake_Variation,
BsOF9,4Br1k/4Q3/p4n1P/1p6/1n1q3B/2N5/PP3P1P/R3K2b b Q - 0 24,f8e8 h4f6 d4f6 e7e8,1033,76,97,1318,advantage fork intermezzo middlegame short,https://lichess.org/gXE3CxDh/black#48,,
1ho9x,6r1/8/p3pk2/Pp1p4/1P1P3p/2P1RprP/6P1/6RK b - - 0 45,g3g2 e3f3 f6e7 g1g2,1034,84,90,2616,crushing endgame intermezzo rookEndgame short,https://lichess.org/IeIZGTAv/black#90,,
0LeZV,3Q1r1k/2P3p1/b6p/P1p5/1p6/4NrPq/7P/4R1K1 b - - 0 34,f3e3 d8f8 h8h7 e1e3,1035,76,96,2163,crushing endgame hangingPiece intermezzo short,https://lichess.org/7zrQErbQ/black#68,,
5GbRh,r1bq1k1r/pp3ppp/5b2/1B1p4/3Q4/2N5/PPP2PPP/R3K2R w KQ - 0 12,d4d5 f6c3 b2c3 d8d5,1036,81,92,1456,crushing intermezzo middlegame short,https://lichess.org/mukWGHcK#23,Sicilian_Defense Sicilian_Defense_Open,
AknCC,3rk1nr/ppp1qppp/2n5/4P3/2P5/P1Q1PB2/1P4PP/RN2K2R b KQk - 0 12,e7e5 f3c6 b7c6 c3e5,1042,76,99,1996,crushing intermezzo middlegame short,https://lichess.org/GEUx3k2C/black#24,Queens_Gambit_Declined Queens_Gambit_Declined_Albin_Countergambit,
CMrqT,6k1/p2R1pbp/1p2p1p1/4P3/3B4/PP4PP/3r1P2/5K2 b - - 5 27,g7e5 d7d8 g8g7 d4e5,1042,96,93,1263,crushing endgame intermezzo short,https://lichess.org/P5Km9arw/black#54,,
3Rpl6,2kr2nr/pp3pb1/2p2qpp/3np3/6b1/P1NPRNP1/1PPB1PBP/R1Q3K1 w - - 0 14,f3e5 d5e3 d2e3 f6e5,1042,80,91,1175,advantage capturingDefender intermezzo middlegame short,https://lichess.org/qJSOs7ui#27,Caro-Kann_Defense Caro-Kann_Defense_Other_variations,
6fmi2,r3k1nr/pp3ppp/2n5/3q4/1b1P1B2/2N2B2/PP4PP/R2QK2R b KQkq - 0 11,d5d4 f3c6 b7c6 d1d4,1044,91,91,1171,crushing intermezzo master opening short,https://lichess.org/5XimcGYg/black#22,Kings_Gambit_Accepted Kings_Gambit_Accepted_Modern_Defense,
926hj,r4rk1/p4pp1/2p1p1qp/2Pp4/1P2nB2/P2QPPP1/6P1/R4RK1 b - - 0 20,e4g3 d3g6 f7g6 f4g3,1045,78,97,5311,advantage capturingDefender intermezzo middlegame short,https://lichess.org/GYobANKK/black#40,,
4oI3R,8/1r3kpp/3qpp2/1R1p4/n7/P1Q1P3/3N1PPP/2R3K1 b - - 0 28,a4c3 b5b7 f7g6 c1c3,1045,83,92,1556,crushing endgame hangingPiece intermezzo short,https://lichess.org/afDW3jqU/black#56,,
